6056,Villa Nicolás Romero,21/04/2020,69228,33.6,1.4,6832858701,3119MX,33
6056,Villa Nicolás Romero,21/04/2020,69228,33.6,1.4,6832858701,3176MX,6
6056,Villa Nicolás Romero,21/04/2020,69228,33.6,1.4,6832858701,1610MX,33
6056,Villa Nicolás Romero,21/04/2020,69229,24.42,10.58,6832859191,2364MX,15
6056,Villa Nicolás Romero,21/04/2020,69229,24.42,10.58,6832859191,0370MX,51
6056,Villa Nicolás Romero,21/04/2020,69229,24.42,10.58,6832859191,0065MX,34
6056,Villa Nicolás Romero,21/04/2020,69229,24.42,10.58,6832859191,0565MX,33
6056,Villa Nicolás Romero,21/04/2020,69229,24.42,10.58,6832859191,0831MX,17
6056,Villa Nicolás Romero,21/04/2020,69229,24.42,10.58,6832859191,1095MX,17
6056,Villa Nicolás Romero,21/04/2020,69229,24.42,10.58,6832859191,1926MX,11
6056,Villa Nicolás Romero,21/04/2020,69229,24.42,10.58,6832859191,3115MX,3
6056,Villa Nicolás Romero,21/04/2020,69230,23.76,3.74,6832859353,1610MX,44
6056,Villa Nicolás Romero,21/04/2020,69231,23.08,11.92,6832859541,2864MX,19
6056,Villa Nicolás Romero,21/04/2020,69231,23.08,11.92,6832859541,3115MX,8
6056,Villa Nicolás Romero,21/04/2020,69231,23.08,11.92,6832859541,3119MX,46
6056,Villa Nicolás Romero,21/04/2020,69232,20.94,14.06,6832859681,2555MX,19
6056,Villa Nicolás Romero,21/04/2020,69232,20.94,14.06,6832859681,2864MX,33
6056,Villa Nicolás Romero,21/04/2020,69232,20.94,14.06,6832859681,3115MX,2
6056,Villa Nicolás Romero,21/04/2020,69233,20.55,14.45,6832859924,1926MX,30
6056,Villa Nicolás Romero,21/04/2020,69233,20.55,14.45,6832859924,2555MX,18
6056,Villa Nicolás Romero,21/04/2020,69233,20.55,14.45,6832859924,3115MX,1
6086,Vista Hermosa,21/04/2020,69234,34.695,0.305,6832860064,1019MX,64
6086,Vista Hermosa,21/04/2020,69234,34.695,0.305,6832860064,440NMX,1
6086,Vista Hermosa,21/04/2020,69235,34.56,0.44,6832860215,1019MX,64
6086,Vista Hermosa,21/04/2020,69236,29,6,6832860414,1019MX,20
6086,Vista Hermosa,21/04/2020,69236,29,6,6832860414,4004MX,28
6086,Vista Hermosa,21/04/2020,69237,1.3,5.7,6832860591,4004MX,2
6003,Plaza Aragón Ecatepec,21/04/2020,69238,35,0,6832861184,4000MX,35
6003,Plaza Aragón Ecatepec,21/04/2020,69238,35,0,6832861184,0831MX,1
6003,Plaza Aragón Ecatepec,21/04/2020,69238,35,0,6832861184,4007MX,12
6003,Plaza Aragón Ecatepec,21/04/2020,69239,35,0,6832861383,4000MX,35
6003,Plaza Aragón Ecatepec,21/04/2020,69239,35,0,6832861383,0831MX,1
6003,Plaza Aragón Ecatepec,21/04/2020,69239,35,0,6832861383,4007MX,12
6003,Plaza Aragón Ecatepec,21/04/2020,69240,35,0,6832861556,4000MX,35
6003,Plaza Aragón Ecatepec,21/04/2020,69240,35,0,6832861556,0831MX,1
6003,Plaza Aragón Ecatepec,21/04/2020,69240,35,0,6832861556,4007MX,12
6003,Plaza Aragón Ecatepec,21/04/2020,69241,35,0,6832861652,4000MX,35
6003,Plaza Aragón Ecatepec,21/04/2020,69241,35,0,6832861652,0831MX,1
6003,Plaza Aragón Ecatepec,21/04/2020,69241,35,0,6832861652,4007MX,12
6003,Plaza Aragón Ecatepec,21/04/2020,69242,34.99,0.01,6832861803,0940MX,13
6003,Plaza Aragón Ecatepec,21/04/2020,69242,34.99,0.01,6832861803,1065MX,49
6003,Plaza Aragón Ecatepec,21/04/2020,69242,34.99,0.01,6832861803,1829MX,6
6003,Plaza Aragón Ecatepec,21/04/2020,69243,34.72,0.28,6832862035,3525MX,56
6003,Plaza Aragón Ecatepec,21/04/2020,69244,34.66,0.34,6832862256,1065MX,35
6003,Plaza Aragón Ecatepec,21/04/2020,69244,34.66,0.34,6832862256,1473MX,13
6003,Plaza Aragón Ecatepec,21/04/2020,69244,34.66,0.34,6832862256,1829MX,10
6003,Plaza Aragón Ecatepec,21/04/2020,69244,34.66,0.34,6832862256,3123MX,24
6003,Plaza Aragón Ecatepec,21/04/2020,69244,34.66,0.34,6832862256,3525MX,3
6003,Plaza Aragón Ecatepec,21/04/2020,69245,31,4,6832862433,0884MX,20
6003,Plaza Aragón Ecatepec,21/04/2020,69245,31,4,6832862433,0366MX,27
6003,Plaza Aragón Ecatepec,21/04/2020,69245,31,4,6832862433,1065MX,1
6003,Plaza Aragón Ecatepec,21/04/2020,69245,31,4,6832862433,1829MX,2
6003,Plaza Aragón Ecatepec,21/04/2020,69245,31,4,6832862433,4007MX,2
6003,Plaza Aragón Ecatepec,21/04/2020,69246,28.25,6.75,6832862632,0366MX,32
6003,Plaza Aragón Ecatepec,21/04/2020,69246,28.25,6.75,6832862632,0940MX,13
6003,Plaza Aragón Ecatepec,21/04/2020,69246,28.25,6.75,6832862632,1065MX,3
6003,Plaza Aragón Ecatepec,21/04/2020,69246,28.25,6.75,6832862632,1829MX,2
6003,Plaza Aragón Ecatepec,21/04/2020,69247,27.325,7.675,6832862934,0831MX,4
6003,Plaza Aragón Ecatepec,21/04/2020,69247,27.325,7.675,6832862934,0065MX,31
6003,Plaza Aragón Ecatepec,21/04/2020,69247,27.325,7.675,6832862934,0884MX,30
6003,Plaza Aragón Ecatepec,21/04/2020,69247,27.325,7.675,6832862934,1829MX,1
6003,Plaza Aragón Ecatepec,21/04/2020,69247,27.325,7.675,6832862934,4007MX,4
6003,Plaza Aragón Ecatepec,21/04/2020,69248,23.93,11.07,6832863391,3525MX,4
6003,Plaza Aragón Ecatepec,21/04/2020,69248,23.93,11.07,6832863391,4001MX,33
6003,Plaza Aragón Ecatepec,21/04/2020,69249,23.235,11.765,6832863586,4000MX,23
6003,Plaza Aragón Ecatepec,21/04/2020,69249,23.235,11.765,6832863586,0831MX,25
6003,Plaza Aragón Ecatepec,21/04/2020,69249,23.235,11.765,6832863586,1829MX,1
6003,Plaza Aragón Ecatepec,21/04/2020,69249,23.235,11.765,6832863586,4007MX,2
6003,Plaza Aragón Ecatepec,21/04/2020,69250,22.75,12.25,6832863800,4001MX,1
6003,Plaza Aragón Ecatepec,21/04/2020,69250,22.75,12.25,6832863800,4002MX,34
6003,Plaza Aragón Ecatepec,21/04/2020,69251,22.75,12.25,6832864010,4002MX,35
6003,Plaza Aragón Ecatepec,21/04/2020,69252,18.935,16.065,6832864231,0940MX,27
6003,Plaza Aragón Ecatepec,21/04/2020,69252,18.935,16.065,6832864231,1065MX,3
6003,Plaza Aragón Ecatepec,21/04/2020,69252,18.935,16.065,6832864231,1829MX,1
6003,Plaza Aragón Ecatepec,21/04/2020,69253,18.935,16.065,6832864441,0940MX,27
6003,Plaza Aragón Ecatepec,21/04/2020,69253,18.935,16.065,6832864441,1065MX,3
6003,Plaza Aragón Ecatepec,21/04/2020,69253,18.935,16.065,6832864441,1829MX,1
6003,Plaza Aragón Ecatepec,21/04/2020,69254,18.935,16.065,6832864695,0940MX,27
6003,Plaza Aragón Ecatepec,21/04/2020,69254,18.935,16.065,6832864695,1065MX,3
6003,Plaza Aragón Ecatepec,21/04/2020,69254,18.935,16.065,6832864695,1829MX,1
6003,Plaza Aragón Ecatepec,21/04/2020,69255,18.2,9.3,6832864916,4002MX,28
6630,Arandas (JAL),21/04/2020,69256,33.34,1.66,6832865104,2631MX,45
6630,Arandas (JAL),21/04/2020,69256,33.34,1.66,6832865104,0831MX,32
6630,Arandas (JAL),21/04/2020,69256,33.34,1.66,6832865104,0940MX,1
6630,Arandas (JAL),21/04/2020,69256,33.34,1.66,6832865104,0963MX,5
6630,Arandas (JAL),21/04/2020,69257,31.28,3.72,6832865281,2648MX,37
6630,Arandas (JAL),21/04/2020,69257,31.28,3.72,6832865281,2631MX,36
6630,Arandas (JAL),21/04/2020,69258,26.37,8.63,6832865723,0940MX,14
6630,Arandas (JAL),21/04/2020,69258,26.37,8.63,6832865723,0963MX,3
6630,Arandas (JAL),21/04/2020,69258,26.37,8.63,6832865723,1095MX,14
6630,Arandas (JAL),21/04/2020,69258,26.37,8.63,6832865723,1417MX,2
6630,Arandas (JAL),21/04/2020,69258,26.37,8.63,6832865723,1428MX,8
6630,Arandas (JAL),21/04/2020,69258,26.37,8.63,6832865723,2641MX,14
6630,Arandas (JAL),21/04/2020,69258,26.37,8.63,6832865723,0370MX,1
6630,Arandas (JAL),21/04/2020,69259,25.84,9.16,6832865992,2641MX,13
6630,Arandas (JAL),21/04/2020,69259,25.84,9.16,6832865992,3176MX,4
6630,Arandas (JAL),21/04/2020,69259,25.84,9.16,6832865992,0085MX,186
6630,Arandas (JAL),21/04/2020,69260,24.225,10.775,6832866224,0085MX,18
6630,Arandas (JAL),21/04/2020,69260,24.225,10.775,6832866224,0370MX,44
6630,Arandas (JAL),21/04/2020,69260,24.225,10.775,6832866224,4000MX,29
6630,Arandas (JAL),21/04/2020,69260,24.225,10.775,6832866224,440NMX,5
6630,Arandas (JAL),21/04/2020,69261,23.425,11.575,6832866390,4000MX,35
6630,Arandas (JAL),21/04/2020,69261,23.425,11.575,6832866390,440NMX,5
6630,Arandas (JAL),21/04/2020,69262,21.61,13.39,6832866633,2864MX,32
6630,Arandas (JAL),21/04/2020,69262,21.61,13.39,6832866633,1412MX,10
6630,Arandas (JAL),21/04/2020,69262,21.61,13.39,6832866633,1841MX,14
6630,Arandas (JAL),21/04/2020,69262,21.61,13.39,6832866633,2648MX,1
6630,Arandas (JAL),21/04/2020,69262,21.61,13.39,6832866633,2631MX,1
6630,Arandas (JAL),21/04/2020,69262,21.61,13.39,6832866633,0370MX,1
6630,Arandas (JAL),21/04/2020,69263,18.115,9.385,6832866854,4000MX,26
6630,Arandas (JAL),21/04/2020,69263,18.115,9.385,6832866854,440NMX,9
6630,Arandas (JAL),21/04/2020,69264,18,17,6832867064,0940MX,27
6630,Arandas (JAL),21/04/2020,69264,18,17,6832867064,0963MX,9
6369,Villa Juarez (MTY),21/04/2020,69265,22.24,12.76,6832867252,2648MX,11
6369,Villa Juarez (MTY),21/04/2020,69265,22.24,12.76,6832867252,3119MX,52
6369,Villa Juarez (MTY),21/04/2020,69266,20.84,14.16,6832867506,2555MX,24
6369,Villa Juarez (MTY),21/04/2020,69266,20.84,14.16,6832867506,2648MX,19
6369,Villa Juarez (MTY),21/04/2020,69266,20.84,14.16,6832867506,3119MX,1
6369,Villa Juarez (MTY),21/04/2020,69267,6.5,19.5,6832867506,3176MX,10
6369,Villa Juarez (MTY),21/04/2020,69268,19.77,15.23,6832867790,0032MX,13
6369,Villa Juarez (MTY),21/04/2020,69268,19.77,15.23,6832867790,0085MX,61
6369,Villa Juarez (MTY),21/04/2020,69268,19.77,15.23,6832867790,0940MX,21
6369,Villa Juarez (MTY),21/04/2020,69268,19.77,15.23,6832867790,2648MX,1
6369,Villa Juarez (MTY),21/04/2020,69269,17.94,17.06,6832868501,0940MX,12
6369,Villa Juarez (MTY),21/04/2020,69269,17.94,17.06,6832868501,1417MX,6
6369,Villa Juarez (MTY),21/04/2020,69269,17.94,17.06,6832868501,2555MX,7
6306,Pablo Livas Guadalupe (MTY),21/04/2020,69270,4.47,21.53,6832868674,3115MX,2
6306,Pablo Livas Guadalupe (MTY),21/04/2020,69270,4.47,21.53,6832868674,0370MX,17
6306,Pablo Livas Guadalupe (MTY),21/04/2020,69270,4.47,21.53,6832868674,0831MX,8
6306,Pablo Livas Guadalupe (MTY),21/04/2020,69270,4.47,21.53,6832868674,0963MX,1
6306,Pablo Livas Guadalupe (MTY),21/04/2020,69270,4.47,21.53,6832868674,1841MX,2
6306,Pablo Livas Guadalupe (MTY),21/04/2020,69270,4.47,21.53,6832868674,1610MX,1
6313,San Carlos  (MTY),21/04/2020,69271,0.82,25.18,6832868895,290NMX,1
6326,Clouthier Santa Catarina (MTY),21/04/2020,69272,34.97,0.03,6832869083,1019MX,41
6326,Clouthier Santa Catarina (MTY),21/04/2020,69272,34.97,0.03,6832869083,1065MX,19
6326,Clouthier Santa Catarina (MTY),21/04/2020,69272,34.97,0.03,6832869083,1095MX,4
6326,Clouthier Santa Catarina (MTY),21/04/2020,69272,34.97,0.03,6832869083,1188MX,1
6326,Clouthier Santa Catarina (MTY),21/04/2020,69272,34.97,0.03,6832869083,2131MX,1
6326,Clouthier Santa Catarina (MTY),21/04/2020,69273,34.92,0.08,6832869245,1019MX,64
6326,Clouthier Santa Catarina (MTY),21/04/2020,69273,34.92,0.08,6832869245,1095MX,3
6326,Clouthier Santa Catarina (MTY),21/04/2020,69274,27.34,7.66,6832869525,1188MX,2
6326,Clouthier Santa Catarina (MTY),21/04/2020,69274,27.34,7.66,6832869525,1926MX,16
6326,Clouthier Santa Catarina (MTY),21/04/2020,69274,27.34,7.66,6832869525,2131MX,6
6326,Clouthier Santa Catarina (MTY),21/04/2020,69274,27.34,7.66,6832869525,2631MX,5
6326,Clouthier Santa Catarina (MTY),21/04/2020,69274,27.34,7.66,6832869525,2641MX,23
6326,Clouthier Santa Catarina (MTY),21/04/2020,69274,27.34,7.66,6832869525,2648MX,9
6326,Clouthier Santa Catarina (MTY),21/04/2020,69274,27.34,7.66,6832869525,3115MX,4
6326,Clouthier Santa Catarina (MTY),21/04/2020,69275,25.878,9.122,6832869643,2864MX,19
6326,Clouthier Santa Catarina (MTY),21/04/2020,69275,25.878,9.122,6832869643,0065MX,7
6326,Clouthier Santa Catarina (MTY),21/04/2020,69275,25.878,9.122,6832869643,0079MX,16
6326,Clouthier Santa Catarina (MTY),21/04/2020,69275,25.878,9.122,6832869643,0085MX,30
6326,Clouthier Santa Catarina (MTY),21/04/2020,69275,25.878,9.122,6832869643,0364MX,3
6326,Clouthier Santa Catarina (MTY),21/04/2020,69275,25.878,9.122,6832869643,0366MX,3
6326,Clouthier Santa Catarina (MTY),21/04/2020,69275,25.878,9.122,6832869643,0565MX,23
6326,Clouthier Santa Catarina (MTY),21/04/2020,69275,25.878,9.122,6832869643,0963MX,46
6326,Clouthier Santa Catarina (MTY),21/04/2020,69275,25.878,9.122,6832869643,0964MX,33
6326,Clouthier Santa Catarina (MTY),21/04/2020,69275,25.878,9.122,6832869643,1019MX,2
6326,Clouthier Santa Catarina (MTY),21/04/2020,69275,25.878,9.122,6832869643,2131MX,1
6326,Clouthier Santa Catarina (MTY),21/04/2020,69276,22.8,12.2,6832869853,3115MX,1
6326,Clouthier Santa Catarina (MTY),21/04/2020,69276,22.8,12.2,6832869853,3119MX,25
6326,Clouthier Santa Catarina (MTY),21/04/2020,69276,22.8,12.2,6832869853,4000MX,21
6326,Clouthier Santa Catarina (MTY),21/04/2020,69277,22.75,12.25,6832870026,4000MX,35
6326,Clouthier Santa Catarina (MTY),21/04/2020,69278,22.75,12.25,6832870240,4000MX,11
6326,Clouthier Santa Catarina (MTY),21/04/2020,69278,22.75,12.25,6832870240,4001MX,8
6326,Clouthier Santa Catarina (MTY),21/04/2020,69278,22.75,12.25,6832870240,0884MX,16
6326,Clouthier Santa Catarina (MTY),21/04/2020,69279,9.1,10.9,6832870730,0884MX,14
4042,Peñasco Sonora (SON),21/04/2020,69280,4,22,6832871076,3123MX,15
4042,Peñasco Sonora (SON),21/04/2020,69280,4,22,6832871076,3176MX,5
5025,Calle 2daSonora (SON),21/04/2020,69281,26.695,0.805,6832871463,0032MX,7
5025,Calle 2daSonora (SON),21/04/2020,69281,26.695,0.805,6832871463,0039MX,5
5025,Calle 2daSonora (SON),21/04/2020,69281,26.695,0.805,6832871463,0065MX,6
5025,Calle 2daSonora (SON),21/04/2020,69281,26.695,0.805,6832871463,0085MX,16
5025,Calle 2daSonora (SON),21/04/2020,69281,26.695,0.805,6832871463,0831MX,5
5025,Calle 2daSonora (SON),21/04/2020,69281,26.695,0.805,6832871463,0922MX,8
5025,Calle 2daSonora (SON),21/04/2020,69281,26.695,0.805,6832871463,0963MX,19
5025,Calle 2daSonora (SON),21/04/2020,69281,26.695,0.805,6832871463,1065MX,16
5025,Calle 2daSonora (SON),21/04/2020,69281,26.695,0.805,6832871463,2631MX,9
5025,Calle 2daSonora (SON),21/04/2020,69281,26.695,0.805,6832871463,2864MX,10
5025,Calle 2daSonora (SON),21/04/2020,69281,26.695,0.805,6832871463,3119MX,10
5025,Calle 2daSonora (SON),21/04/2020,69281,26.695,0.805,6832871463,440NMX,5
4103,Río Grande Cd.Juárez (CHIH),21/04/2020,69282,6,20,6832871964,0831MX,22
4103,Río Grande Cd.Juárez (CHIH),21/04/2020,69282,6,20,6832871964,3123MX,10
4104,Zaragoza Cd. Juárez (CHIH),21/04/2020,69283,6.64,19.36,6832872362,0963MX,83
4106,Juárez Mall Cd.Juárez(CHIH),21/04/2020,69284,34.79,0.21,6832872826,2364MX,21
4106,Juárez Mall Cd.Juárez(CHIH),21/04/2020,69284,34.79,0.21,6832872826,2631MX,58
4106,Juárez Mall Cd.Juárez(CHIH),21/04/2020,69284,34.79,0.21,6832872826,2648MX,1
4106,Juárez Mall Cd.Juárez(CHIH),21/04/2020,69285,34.72,0.28,6832873283,3525MX,56
4106,Juárez Mall Cd.Juárez(CHIH),21/04/2020,69286,34.7,0.3,6832873666,4002MX,16
4106,Juárez Mall Cd.Juárez(CHIH),21/04/2020,69286,34.7,0.3,6832873666,1610MX,45
4106,Juárez Mall Cd.Juárez(CHIH),21/04/2020,69287,30.86,4.14,6832874123,3525MX,33
4106,Juárez Mall Cd.Juárez(CHIH),21/04/2020,69287,30.86,4.14,6832874123,4000MX,16
4106,Juárez Mall Cd.Juárez(CHIH),21/04/2020,69288,28.04,6.96,6832874683,2631MX,26
4106,Juárez Mall Cd.Juárez(CHIH),21/04/2020,69288,28.04,6.96,6832874683,2648MX,28
4106,Juárez Mall Cd.Juárez(CHIH),21/04/2020,69288,28.04,6.96,6832874683,2864MX,18
4106,Juárez Mall Cd.Juárez(CHIH),21/04/2020,69289,24.69,10.31,6832875906,1610MX,6
4106,Juárez Mall Cd.Juárez(CHIH),21/04/2020,69289,24.69,10.31,6832875906,0884MX,33
4106,Juárez Mall Cd.Juárez(CHIH),21/04/2020,69290,23.4,11.6,6832876061,3119MX,65
4106,Juárez Mall Cd.Juárez(CHIH),21/04/2020,69291,3.25,16.75,6832876061,0884MX,5
4106,Juárez Mall Cd.Juárez(CHIH),21/04/2020,69292,23.4,11.6,6832876315,3119MX,65
4106,Juárez Mall Cd.Juárez(CHIH),21/04/2020,69293,23.29,11.71,6832876536,4000MX,35
4106,Juárez Mall Cd.Juárez(CHIH),21/04/2020,69293,23.29,11.71,6832876536,1610MX,1
4106,Juárez Mall Cd.Juárez(CHIH),21/04/2020,69294,23.29,11.71,6832876761,4000MX,35
4106,Juárez Mall Cd.Juárez(CHIH),21/04/2020,69294,23.29,11.71,6832876761,1610MX,1
4106,Juárez Mall Cd.Juárez(CHIH),21/04/2020,69295,23.29,11.71,6832876945,4000MX,20
4106,Juárez Mall Cd.Juárez(CHIH),21/04/2020,69295,23.29,11.71,6832876945,4002MX,15
4106,Juárez Mall Cd.Juárez(CHIH),21/04/2020,69295,23.29,11.71,6832876945,1610MX,1
4106,Juárez Mall Cd.Juárez(CHIH),21/04/2020,69296,23.29,11.71,6832877166,4002MX,35
4106,Juárez Mall Cd.Juárez(CHIH),21/04/2020,69296,23.29,11.71,6832877166,1610MX,1
4106,Juárez Mall Cd.Juárez(CHIH),21/04/2020,69297,21.102,13.898,6832877332,0940MX,4
4106,Juárez Mall Cd.Juárez(CHIH),21/04/2020,69297,21.102,13.898,6832877332,0963MX,82
4106,Juárez Mall Cd.Juárez(CHIH),21/04/2020,69297,21.102,13.898,6832877332,0964MX,82
4106,Juárez Mall Cd.Juárez(CHIH),21/04/2020,69297,21.102,13.898,6832877332,1829MX,30
4106,Juárez Mall Cd.Juárez(CHIH),21/04/2020,69297,21.102,13.898,6832877332,2364MX,4
4106,Juárez Mall Cd.Juárez(CHIH),21/04/2020,69298,20.84,14.16,6832877531,2864MX,59
4106,Juárez Mall Cd.Juárez(CHIH),21/04/2020,69298,20.84,14.16,6832877531,3119MX,12
4106,Juárez Mall Cd.Juárez(CHIH),21/04/2020,69299,20,15,6832877800,0565MX,15
4106,Juárez Mall Cd.Juárez(CHIH),21/04/2020,69299,20,15,6832877800,0922MX,52
4106,Juárez Mall Cd.Juárez(CHIH),21/04/2020,69299,20,15,6832877800,0940MX,20
4106,Juárez Mall Cd.Juárez(CHIH),21/04/2020,69299,20,15,6832877800,0963MX,8
4108,Jilotepec Cd. Juárez (CHIH),21/04/2020,69300,34.96,0.04,6832878360,0963MX,5
4108,Jilotepec Cd. Juárez (CHIH),21/04/2020,69300,34.96,0.04,6832878360,1065MX,64
4108,Jilotepec Cd. Juárez (CHIH),21/04/2020,69301,34.92,0.08,6832878662,1065MX,64
4108,Jilotepec Cd. Juárez (CHIH),21/04/2020,69301,34.92,0.08,6832878662,1095MX,3
4108,Jilotepec Cd. Juárez (CHIH),21/04/2020,69302,34.72,0.28,6832878846,3525MX,56
4108,Jilotepec Cd. Juárez (CHIH),21/04/2020,69303,34.6,0.4,6832878990,1065MX,16
4108,Jilotepec Cd. Juárez (CHIH),21/04/2020,69303,34.6,0.4,6832878990,1095MX,64
4108,Jilotepec Cd. Juárez (CHIH),21/04/2020,69303,34.6,0.4,6832878990,1926MX,29
4108,Jilotepec Cd. Juárez (CHIH),21/04/2020,69303,34.6,0.4,6832878990,4007MX,9
4108,Jilotepec Cd. Juárez (CHIH),21/04/2020,69304,34.01,0.99,6832879152,0370MX,42
4108,Jilotepec Cd. Juárez (CHIH),21/04/2020,69304,34.01,0.99,6832879152,0065MX,35
4108,Jilotepec Cd. Juárez (CHIH),21/04/2020,69304,34.01,0.99,6832879152,0963MX,224
4108,Jilotepec Cd. Juárez (CHIH),21/04/2020,69304,34.01,0.99,6832879152,4007MX,10
4108,Jilotepec Cd. Juárez (CHIH),21/04/2020,69305,33.52,1.48,6832879384,1926MX,61
4108,Jilotepec Cd. Juárez (CHIH),21/04/2020,69305,33.52,1.48,6832879384,4007MX,14
4108,Jilotepec Cd. Juárez (CHIH),21/04/2020,69306,30,5,6832879605,1926MX,24
4108,Jilotepec Cd. Juárez (CHIH),21/04/2020,69306,30,5,6832879605,3525MX,36
4108,Jilotepec Cd. Juárez (CHIH),21/04/2020,69307,29.76,5.24,6832879826,3525MX,48
4108,Jilotepec Cd. Juárez (CHIH),21/04/2020,69308,19.52,15.48,6832879981,1926MX,61
4031,SANTA FE (BCA),21/04/2020,69309,34.908,0.092,6832880235,0085MX,69
4031,SANTA FE (BCA),21/04/2020,69309,34.908,0.092,6832880235,0964MX,23
4031,SANTA FE (BCA),21/04/2020,69309,34.908,0.092,6832880235,2631MX,39
4031,SANTA FE (BCA),21/04/2020,69309,34.908,0.092,6832880235,3123MX,8
4031,SANTA FE (BCA),21/04/2020,69309,34.908,0.092,6832880235,3525MX,7
4031,SANTA FE (BCA),21/04/2020,69310,22.9,4.6,6832880854,3525MX,16
4031,SANTA FE (BCA),21/04/2020,69310,22.9,4.6,6832880854,4004MX,10
4031,SANTA FE (BCA),21/04/2020,69310,22.9,4.6,6832880854,1610MX,12
6643,LA RIOJA (JAL),21/04/2020,69311,22.34,5.16,6832881064,0032MX,1
6643,LA RIOJA (JAL),21/04/2020,69311,22.34,5.16,6832881064,0366MX,5
6643,LA RIOJA (JAL),21/04/2020,69311,22.34,5.16,6832881064,0963MX,7
6643,LA RIOJA (JAL),21/04/2020,69311,22.34,5.16,6832881064,1065MX,17
6643,LA RIOJA (JAL),21/04/2020,69311,22.34,5.16,6832881064,2864MX,4
6643,LA RIOJA (JAL),21/04/2020,69311,22.34,5.16,6832881064,3119MX,4
6643,LA RIOJA (JAL),21/04/2020,69311,22.34,5.16,6832881064,3176MX,7
6643,LA RIOJA (JAL),21/04/2020,69311,22.34,5.16,6832881064,0884MX,4
5050,LOS CABOS,21/04/2020,69312,34.98,0.02,6832881414,0963MX,105
5050,LOS CABOS,21/04/2020,69312,34.98,0.02,6832881414,1019MX,49
5050,LOS CABOS,21/04/2020,69312,34.98,0.02,6832881414,1061MX,3
5050,LOS CABOS,21/04/2020,69313,34.96,0.04,6832881716,1019MX,64
5050,LOS CABOS,21/04/2020,69313,34.96,0.04,6832881716,1061MX,10
5050,LOS CABOS,21/04/2020,69314,34.96,0.04,6832882011,1019MX,64
5050,LOS CABOS,21/04/2020,69314,34.96,0.04,6832882011,1061MX,10
5050,LOS CABOS,21/04/2020,69315,34.54,0.46,6832882453,3525MX,13
5050,LOS CABOS,21/04/2020,69315,34.54,0.46,6832882453,1610MX,37
5050,LOS CABOS,21/04/2020,69315,34.54,0.46,6832882453,049KMX,10
5050,LOS CABOS,21/04/2020,69316,34.06,0.94,6832882641,1019MX,39
5050,LOS CABOS,21/04/2020,69316,34.06,0.94,6832882641,1061MX,9
5050,LOS CABOS,21/04/2020,69316,34.06,0.94,6832882641,1412MX,13
5050,LOS CABOS,21/04/2020,69316,34.06,0.94,6832882641,1926MX,1
5050,LOS CABOS,21/04/2020,69316,34.06,0.94,6832882641,3119MX,1
5050,LOS CABOS,21/04/2020,69317,24.7,10.3,6832882862,2555MX,17
5050,LOS CABOS,21/04/2020,69317,24.7,10.3,6832882862,2641MX,29
5050,LOS CABOS,21/04/2020,69318,24.12,10.88,6832883201,2641MX,2
5050,LOS CABOS,21/04/2020,69318,24.12,10.88,6832883201,3119MX,61
5050,LOS CABOS,21/04/2020,69318,24.12,10.88,6832883201,3525MX,1
5050,LOS CABOS,21/04/2020,69318,24.12,10.88,6832883201,1610MX,1
5050,LOS CABOS,21/04/2020,69319,21.02,13.98,6832883444,0064MX,9
5050,LOS CABOS,21/04/2020,69319,21.02,13.98,6832883444,0370MX,29
5050,LOS CABOS,21/04/2020,69319,21.02,13.98,6832883444,0565MX,20
5050,LOS CABOS,21/04/2020,69319,21.02,13.98,6832883444,0922MX,39
5050,LOS CABOS,21/04/2020,69319,21.02,13.98,6832883444,0940MX,18
5050,LOS CABOS,21/04/2020,69319,21.02,13.98,6832883444,0963MX,11
5050,LOS CABOS,21/04/2020,69320,20.34,14.66,6832884085,1926MX,45
5050,LOS CABOS,21/04/2020,69320,20.34,14.66,6832884085,2555MX,9
5050,LOS CABOS,21/04/2020,69320,20.34,14.66,6832884085,1610MX,1
5050,LOS CABOS,21/04/2020,69321,20.02,14.98,6832884310,1412MX,1
5050,LOS CABOS,21/04/2020,69321,20.02,14.98,6832884310,1926MX,58
5050,LOS CABOS,21/04/2020,69321,20.02,14.98,6832884310,1610MX,1
5050,LOS CABOS,21/04/2020,69322,14.95,12.55,6832884833,049KMX,23
4214,San Juan del Rio Qro.,21/04/2020,69323,34.98,0.02,6832885080,2631MX,61
4214,San Juan del Rio Qro.,21/04/2020,69323,34.98,0.02,6832885080,2648MX,2
4214,San Juan del Rio Qro.,21/04/2020,69323,34.98,0.02,6832885080,2864MX,5
4214,San Juan del Rio Qro.,21/04/2020,69324,34.97,0.03,6832885371,0964MX,5
4214,San Juan del Rio Qro.,21/04/2020,69324,34.97,0.03,6832885371,1019MX,63
4214,San Juan del Rio Qro.,21/04/2020,69324,34.97,0.03,6832885371,1095MX,2
4214,San Juan del Rio Qro.,21/04/2020,69324,34.97,0.03,6832885371,0963MX,1
4214,San Juan del Rio Qro.,21/04/2020,69325,34.96,0.04,6832885603,1019MX,64
4214,San Juan del Rio Qro.,21/04/2020,69325,34.96,0.04,6832885603,1095MX,3
4214,San Juan del Rio Qro.,21/04/2020,69325,34.96,0.04,6832885603,0032MX,1
4214,San Juan del Rio Qro.,21/04/2020,69326,34.96,0.04,6832885894,2631MX,64
4214,San Juan del Rio Qro.,21/04/2020,69326,34.96,0.04,6832885894,2648MX,1
4214,San Juan del Rio Qro.,21/04/2020,69326,34.96,0.04,6832885894,044KMX,1
4214,San Juan del Rio Qro.,21/04/2020,69327,34.95,0.05,6832886174,0940MX,3
4214,San Juan del Rio Qro.,21/04/2020,69327,34.95,0.05,6832886174,1065MX,61
4214,San Juan del Rio Qro.,21/04/2020,69327,34.95,0.05,6832886174,2131MX,1
4214,San Juan del Rio Qro.,21/04/2020,69328,34.35,0.65,6832886454,1019MX,20
4214,San Juan del Rio Qro.,21/04/2020,69328,34.35,0.65,6832886454,1095MX,7
4214,San Juan del Rio Qro.,21/04/2020,69328,34.35,0.65,6832886454,4000MX,27
4214,San Juan del Rio Qro.,21/04/2020,69328,34.35,0.65,6832886454,0963MX,2
4214,San Juan del Rio Qro.,21/04/2020,69328,34.35,0.65,6832886454,4007MX,5
4214,San Juan del Rio Qro.,21/04/2020,69329,29.66,5.34,6832886631,3189MX,4
4214,San Juan del Rio Qro.,21/04/2020,69329,29.66,5.34,6832886631,3525MX,29
4214,San Juan del Rio Qro.,21/04/2020,69329,29.66,5.34,6832886631,4001MX,16
4214,San Juan del Rio Qro.,21/04/2020,69329,29.66,5.34,6832886631,3119MX,1
4214,San Juan del Rio Qro.,21/04/2020,69329,29.66,5.34,6832886631,044KMX,2
4214,San Juan del Rio Qro.,21/04/2020,69330,29.11,5.89,6832887062,1610MX,19
4214,San Juan del Rio Qro.,21/04/2020,69330,29.11,5.89,6832887062,0884MX,29
4214,San Juan del Rio Qro.,21/04/2020,69331,27.28,7.72,6832887342,4000MX,8
4214,San Juan del Rio Qro.,21/04/2020,69331,27.28,7.72,6832887342,0963MX,20
4214,San Juan del Rio Qro.,21/04/2020,69331,27.28,7.72,6832887342,1841MX,13
4214,San Juan del Rio Qro.,21/04/2020,69331,27.28,7.72,6832887342,0366MX,20
4214,San Juan del Rio Qro.,21/04/2020,69331,27.28,7.72,6832887342,0831MX,22
4214,San Juan del Rio Qro.,21/04/2020,69331,27.28,7.72,6832887342,0032MX,6
4214,San Juan del Rio Qro.,21/04/2020,69331,27.28,7.72,6832887342,4007MX,1
4214,San Juan del Rio Qro.,21/04/2020,69332,24.73,10.27,6832887666,0831MX,13
4214,San Juan del Rio Qro.,21/04/2020,69332,24.73,10.27,6832887666,0032MX,29
4214,San Juan del Rio Qro.,21/04/2020,69332,24.73,10.27,6832887666,0065MX,35
4214,San Juan del Rio Qro.,21/04/2020,69332,24.73,10.27,6832887666,0085MX,190
4214,San Juan del Rio Qro.,21/04/2020,69332,24.73,10.27,6832887666,0370MX,1
4214,San Juan del Rio Qro.,21/04/2020,69333,24.3,10.7,6832887972,3119MX,63
4214,San Juan del Rio Qro.,21/04/2020,69333,24.3,10.7,6832887972,1610MX,3
4214,San Juan del Rio Qro.,21/04/2020,69334,24.11,10.89,6832888182,4000MX,35
4214,San Juan del Rio Qro.,21/04/2020,69334,24.11,10.89,6832888182,0963MX,4
4214,San Juan del Rio Qro.,21/04/2020,69334,24.11,10.89,6832888182,0032MX,1
4214,San Juan del Rio Qro.,21/04/2020,69334,24.11,10.89,6832888182,4007MX,1
4214,San Juan del Rio Qro.,21/04/2020,69335,24.11,10.89,6832888506,4000MX,35
4214,San Juan del Rio Qro.,21/04/2020,69335,24.11,10.89,6832888506,0963MX,4
4214,San Juan del Rio Qro.,21/04/2020,69335,24.11,10.89,6832888506,0032MX,1
4214,San Juan del Rio Qro.,21/04/2020,69335,24.11,10.89,6832888506,4007MX,1
4214,San Juan del Rio Qro.,21/04/2020,69336,24.11,10.89,6832888731,4000MX,35
4214,San Juan del Rio Qro.,21/04/2020,69336,24.11,10.89,6832888731,0963MX,4
4214,San Juan del Rio Qro.,21/04/2020,69336,24.11,10.89,6832888731,0032MX,1
4214,San Juan del Rio Qro.,21/04/2020,69336,24.11,10.89,6832888731,4007MX,1
4214,San Juan del Rio Qro.,21/04/2020,69337,24.11,10.89,6832889011,4000MX,35
4214,San Juan del Rio Qro.,21/04/2020,69337,24.11,10.89,6832889011,0963MX,4
4214,San Juan del Rio Qro.,21/04/2020,69337,24.11,10.89,6832889011,0032MX,1
4214,San Juan del Rio Qro.,21/04/2020,69337,24.11,10.89,6832889011,4007MX,1
4214,San Juan del Rio Qro.,21/04/2020,69338,23.35,11.65,6832889350,4008MX,7
4214,San Juan del Rio Qro.,21/04/2020,69338,23.35,11.65,6832889350,3119MX,52
4214,San Juan del Rio Qro.,21/04/2020,69338,23.35,11.65,6832889350,044KMX,1
4214,San Juan del Rio Qro.,21/04/2020,69339,23.21,11.79,6832889560,3175MX,34
4214,San Juan del Rio Qro.,21/04/2020,69339,23.21,11.79,6832889560,3189MX,3
4214,San Juan del Rio Qro.,21/04/2020,69339,23.21,11.79,6832889560,1610MX,1
4214,San Juan del Rio Qro.,21/04/2020,69340,4.27,23.23,6832889560,049KMX,1
4214,San Juan del Rio Qro.,21/04/2020,69340,4.27,23.23,6832889560,011KMX,8
4214,San Juan del Rio Qro.,21/04/2020,69340,4.27,23.23,6832889560,290NMX,1
4214,San Juan del Rio Qro.,21/04/2020,69341,23.11,11.89,6832890120,4001MX,5
4214,San Juan del Rio Qro.,21/04/2020,69341,23.11,11.89,6832890120,4002MX,30
4214,San Juan del Rio Qro.,21/04/2020,69341,23.11,11.89,6832890120,3119MX,1
4214,San Juan del Rio Qro.,21/04/2020,69342,23.11,11.89,6832890282,4002MX,35
4214,San Juan del Rio Qro.,21/04/2020,69342,23.11,11.89,6832890282,3119MX,1
4214,San Juan del Rio Qro.,21/04/2020,69343,23.11,11.89,6832890503,4002MX,32
4214,San Juan del Rio Qro.,21/04/2020,69343,23.11,11.89,6832890503,4004MX,3
4214,San Juan del Rio Qro.,21/04/2020,69343,23.11,11.89,6832890503,3119MX,1
4214,San Juan del Rio Qro.,21/04/2020,69344,23.11,11.89,6832890691,4004MX,24
4214,San Juan del Rio Qro.,21/04/2020,69344,23.11,11.89,6832890691,4008MX,11
4214,San Juan del Rio Qro.,21/04/2020,69344,23.11,11.89,6832890691,3119MX,1
4214,San Juan del Rio Qro.,21/04/2020,69345,22.97,12.03,6832890934,0884MX,32
4214,San Juan del Rio Qro.,21/04/2020,69345,22.97,12.03,6832890934,044KMX,19
4214,San Juan del Rio Qro.,21/04/2020,69345,22.97,12.03,6832890934,049KMX,1
4214,San Juan del Rio Qro.,21/04/2020,69346,22.75,12.25,6832891170,049KMX,35
4214,San Juan del Rio Qro.,21/04/2020,69347,22.7,12.3,6832891365,1065MX,6
4214,San Juan del Rio Qro.,21/04/2020,69347,22.7,12.3,6832891365,1926MX,40
4214,San Juan del Rio Qro.,21/04/2020,69347,22.7,12.3,6832891365,2131MX,34
4214,San Juan del Rio Qro.,21/04/2020,69347,22.7,12.3,6832891365,2555MX,6
4214,San Juan del Rio Qro.,21/04/2020,69348,21.62,13.38,6832891601,2555MX,35
4214,San Juan del Rio Qro.,21/04/2020,69348,21.62,13.38,6832891601,2631MX,1
4214,San Juan del Rio Qro.,21/04/2020,69348,21.62,13.38,6832891601,044KMX,1
4214,San Juan del Rio Qro.,21/04/2020,69349,21.08,13.92,6832891855,0085MX,2
4214,San Juan del Rio Qro.,21/04/2020,69349,21.08,13.92,6832891855,0364MX,8
4214,San Juan del Rio Qro.,21/04/2020,69349,21.08,13.92,6832891855,0370MX,6
4214,San Juan del Rio Qro.,21/04/2020,69349,21.08,13.92,6832891855,0922MX,38
4214,San Juan del Rio Qro.,21/04/2020,69349,21.08,13.92,6832891855,0940MX,20
4214,San Juan del Rio Qro.,21/04/2020,69349,21.08,13.92,6832891855,1061MX,2
4214,San Juan del Rio Qro.,21/04/2020,69350,20.41,14.59,6832892006,2864MX,67
4214,San Juan del Rio Qro.,21/04/2020,69350,20.41,14.59,6832892006,3175MX,2
4214,San Juan del Rio Qro.,21/04/2020,69350,20.41,14.59,6832892006,3189MX,1
4214,San Juan del Rio Qro.,21/04/2020,69350,20.41,14.59,6832892006,044KMX,2
4214,San Juan del Rio Qro.,21/04/2020,69351,18.5,16.5,6832892474,0940MX,27
4214,San Juan del Rio Qro.,21/04/2020,69351,18.5,16.5,6832892474,1061MX,17
4214,San Juan del Rio Qro.,21/04/2020,69351,18.5,16.5,6832892474,1065MX,1
4208,La piedad Mich.,21/04/2020,69352,24.37,10.63,6832892640,0065MX,8
4208,La piedad Mich.,21/04/2020,69352,24.37,10.63,6832892640,0079MX,3
4208,La piedad Mich.,21/04/2020,69352,24.37,10.63,6832892640,0565MX,2
4208,La piedad Mich.,21/04/2020,69352,24.37,10.63,6832892640,0831MX,6
4208,La piedad Mich.,21/04/2020,69352,24.37,10.63,6832892640,1417MX,9
4208,La piedad Mich.,21/04/2020,69352,24.37,10.63,6832892640,2364MX,11
4208,La piedad Mich.,21/04/2020,69352,24.37,10.63,6832892640,2648MX,7
4208,La piedad Mich.,21/04/2020,69352,24.37,10.63,6832892640,1610MX,16
4208,La piedad Mich.,21/04/2020,69353,19.91,7.59,6832892942,1610MX,14
4208,La piedad Mich.,21/04/2020,69353,19.91,7.59,6832892942,049KMX,19
4201,SAHUAYO (MCH),21/04/2020,69354,34.995,0.005,6832893185,1065MX,64
4201,SAHUAYO (MCH),21/04/2020,69354,34.995,0.005,6832893185,3115MX,2
4201,SAHUAYO (MCH),21/04/2020,69354,34.995,0.005,6832893185,440NMX,1
4201,SAHUAYO (MCH),21/04/2020,69355,34.92,0.08,6832893362,1019MX,64
4201,SAHUAYO (MCH),21/04/2020,69355,34.92,0.08,6832893362,2131MX,4
4201,SAHUAYO (MCH),21/04/2020,69356,34.92,0.08,6832893561,1019MX,39
4201,SAHUAYO (MCH),21/04/2020,69356,34.92,0.08,6832893561,2131MX,80
4201,SAHUAYO (MCH),21/04/2020,69356,34.92,0.08,6832893561,2631MX,12
4201,SAHUAYO (MCH),21/04/2020,69356,34.92,0.08,6832893561,0085MX,2
4201,SAHUAYO (MCH),21/04/2020,69357,34.92,0.08,6832893852,2631MX,64
4201,SAHUAYO (MCH),21/04/2020,69357,34.92,0.08,6832893852,0085MX,4
4201,SAHUAYO (MCH),21/04/2020,69358,34.92,0.08,6832894084,2631MX,64
4201,SAHUAYO (MCH),21/04/2020,69358,34.92,0.08,6832894084,0085MX,4
4201,SAHUAYO (MCH),21/04/2020,69359,34.92,0.08,6832894364,2631MX,40
4201,SAHUAYO (MCH),21/04/2020,69359,34.92,0.08,6832894364,0085MX,148
4201,SAHUAYO (MCH),21/04/2020,69360,34.88,0.12,6832894563,1065MX,12
4201,SAHUAYO (MCH),21/04/2020,69360,34.88,0.12,6832894563,1473MX,18
4201,SAHUAYO (MCH),21/04/2020,69360,34.88,0.12,6832894563,2641MX,22
4201,SAHUAYO (MCH),21/04/2020,69360,34.88,0.12,6832894563,3115MX,2
4201,SAHUAYO (MCH),21/04/2020,69361,25.86,9.14,6832895020,2641MX,11
4201,SAHUAYO (MCH),21/04/2020,69361,25.86,9.14,6832895020,3115MX,22
4201,SAHUAYO (MCH),21/04/2020,69361,25.86,9.14,6832895020,4000MX,25
4201,SAHUAYO (MCH),21/04/2020,69361,25.86,9.14,6832895020,440NMX,6
4201,SAHUAYO (MCH),21/04/2020,69362,0.82,25.18,6832895020,290NMX,1
4201,SAHUAYO (MCH),21/04/2020,69363,24.4,10.6,6832895333,2864MX,64
4201,SAHUAYO (MCH),21/04/2020,69363,24.4,10.6,6832895333,1019MX,12
4201,SAHUAYO (MCH),21/04/2020,69364,23.425,11.575,6832895554,4000MX,35
4201,SAHUAYO (MCH),21/04/2020,69364,23.425,11.575,6832895554,440NMX,5
4201,SAHUAYO (MCH),21/04/2020,69365,23.29,11.71,6832895775,4000MX,35
4201,SAHUAYO (MCH),21/04/2020,69365,23.29,11.71,6832895775,440NMX,4
4201,SAHUAYO (MCH),21/04/2020,69366,22.75,12.25,6832895996,4000MX,35
4201,SAHUAYO (MCH),21/04/2020,69367,22.75,12.25,6832896184,4000MX,35
4201,SAHUAYO (MCH),21/04/2020,69368,22.75,12.25,6832896501,4000MX,35
4201,SAHUAYO (MCH),21/04/2020,69369,22.75,12.25,6832896700,4000MX,15
4201,SAHUAYO (MCH),21/04/2020,69369,22.75,12.25,6832896700,4002MX,20
4201,SAHUAYO (MCH),21/04/2020,69370,22.75,12.25,6832896921,4002MX,28
4201,SAHUAYO (MCH),21/04/2020,69370,22.75,12.25,6832896921,0884MX,7
4201,SAHUAYO (MCH),21/04/2020,69371,22.75,12.25,6832897142,0884MX,35
4201,SAHUAYO (MCH),21/04/2020,69372,22.225,12.775,6832897783,0085MX,10
4201,SAHUAYO (MCH),21/04/2020,69372,22.225,12.775,6832897783,0831MX,61
4201,SAHUAYO (MCH),21/04/2020,69372,22.225,12.775,6832897783,1065MX,11
4201,SAHUAYO (MCH),21/04/2020,69372,22.225,12.775,6832897783,440NMX,1
4201,SAHUAYO (MCH),21/04/2020,69373,4.92,30.08,6832897783,290NMX,6
4201,SAHUAYO (MCH),21/04/2020,69374,10.43,24.57,6832898085,0884MX,11
4201,SAHUAYO (MCH),21/04/2020,69374,10.43,24.57,6832898085,290NMX,4
4201,SAHUAYO (MCH),21/04/2020,69375,4.92,30.08,6832898085,290NMX,6
6840,Campeche Centro (CAM),21/04/2020,69376,34.995,0.005,6832898446,1019MX,64
6840,Campeche Centro (CAM),21/04/2020,69376,34.995,0.005,6832898446,1061MX,10
6840,Campeche Centro (CAM),21/04/2020,69376,34.995,0.005,6832898446,1829MX,1
6840,Campeche Centro (CAM),21/04/2020,69377,34.99,0.01,6832898645,1188MX,2
6840,Campeche Centro (CAM),21/04/2020,69377,34.99,0.01,6832898645,1428MX,38
6840,Campeche Centro (CAM),21/04/2020,69377,34.99,0.01,6832898645,1841MX,3
6840,Campeche Centro (CAM),21/04/2020,69377,34.99,0.01,6832898645,3123MX,1
6840,Campeche Centro (CAM),21/04/2020,69378,34.99,0.01,6832898855,1019MX,41
6840,Campeche Centro (CAM),21/04/2020,69378,34.99,0.01,6832898855,1188MX,6
6840,Campeche Centro (CAM),21/04/2020,69378,34.99,0.01,6832898855,1428MX,1
6840,Campeche Centro (CAM),21/04/2020,69378,34.99,0.01,6832898855,3123MX,1
6840,Campeche Centro (CAM),21/04/2020,69379,34.97,0.03,6832899076,1019MX,64
6840,Campeche Centro (CAM),21/04/2020,69379,34.97,0.03,6832899076,1841MX,2
6840,Campeche Centro (CAM),21/04/2020,69379,34.97,0.03,6832899076,3123MX,1
6840,Campeche Centro (CAM),21/04/2020,69380,34.966,0.034,6832899231,0831MX,8
6840,Campeche Centro (CAM),21/04/2020,69380,34.966,0.034,6832899231,0963MX,71
6840,Campeche Centro (CAM),21/04/2020,69380,34.966,0.034,6832899231,0964MX,31
6840,Campeche Centro (CAM),21/04/2020,69380,34.966,0.034,6832899231,1019MX,43
6840,Campeche Centro (CAM),21/04/2020,69380,34.966,0.034,6832899231,1061MX,4
6840,Campeche Centro (CAM),21/04/2020,69381,34.96,0.04,6832899430,1019MX,64
6840,Campeche Centro (CAM),21/04/2020,69381,34.96,0.04,6832899430,1061MX,1
6840,Campeche Centro (CAM),21/04/2020,69381,34.96,0.04,6832899430,1841MX,2
6840,Campeche Centro (CAM),21/04/2020,69382,26.42,8.58,6832899673,1428MX,5
6840,Campeche Centro (CAM),21/04/2020,69382,26.42,8.58,6832899673,1473MX,4
6840,Campeche Centro (CAM),21/04/2020,69382,26.42,8.58,6832899673,1841MX,20
6840,Campeche Centro (CAM),21/04/2020,69382,26.42,8.58,6832899673,1926MX,46
6840,Campeche Centro (CAM),21/04/2020,69382,26.42,8.58,6832899673,2364MX,2
6840,Campeche Centro (CAM),21/04/2020,69383,24.98,10.02,6832899813,0032MX,41
6840,Campeche Centro (CAM),21/04/2020,69383,24.98,10.02,6832899813,0064MX,30
6840,Campeche Centro (CAM),21/04/2020,69383,24.98,10.02,6832899813,0065MX,68
6840,Campeche Centro (CAM),21/04/2020,69383,24.98,10.02,6832899813,0077MX,10
6840,Campeche Centro (CAM),21/04/2020,69383,24.98,10.02,6832899813,0085MX,86
6840,Campeche Centro (CAM),21/04/2020,69383,24.98,10.02,6832899813,0370MX,49
6840,Campeche Centro (CAM),21/04/2020,69383,24.98,10.02,6832899813,0831MX,17
6840,Campeche Centro (CAM),21/04/2020,69384,2.46,17.54,6832899813,290NMX,3
6840,Campeche Centro (CAM),21/04/2020,69385,23.49,11.51,6832900314,1926MX,21
6840,Campeche Centro (CAM),21/04/2020,69385,23.49,11.51,6832900314,2364MX,13
6840,Campeche Centro (CAM),21/04/2020,69385,23.49,11.51,6832900314,2631MX,4
6840,Campeche Centro (CAM),21/04/2020,69385,23.49,11.51,6832900314,2641MX,13
6840,Campeche Centro (CAM),21/04/2020,69385,23.49,11.51,6832900314,2864MX,22
6840,Campeche Centro (CAM),21/04/2020,69386,23.155,11.845,6832900491,4000MX,35
6840,Campeche Centro (CAM),21/04/2020,69386,23.155,11.845,6832900491,440NMX,3
6840,Campeche Centro (CAM),21/04/2020,69387,22.94,12.06,6832900701,2864MX,1
6840,Campeche Centro (CAM),21/04/2020,69387,22.94,12.06,6832900701,3115MX,9
6840,Campeche Centro (CAM),21/04/2020,69387,22.94,12.06,6832900701,3119MX,19
6840,Campeche Centro (CAM),21/04/2020,69387,22.94,12.06,6832900701,3123MX,5
6840,Campeche Centro (CAM),21/04/2020,69387,22.94,12.06,6832900701,3189MX,17
6840,Campeche Centro (CAM),21/04/2020,69387,22.94,12.06,6832900701,3525MX,2
6840,Campeche Centro (CAM),21/04/2020,69387,22.94,12.06,6832900701,4000MX,15
6840,Campeche Centro (CAM),21/04/2020,69388,22.75,12.25,6832900970,4000MX,4
6840,Campeche Centro (CAM),21/04/2020,69388,22.75,12.25,6832900970,4001MX,31
6840,Campeche Centro (CAM),21/04/2020,69389,22.75,12.25,6832901176,4001MX,35
6840,Campeche Centro (CAM),21/04/2020,69390,22.75,12.25,6832901283,4001MX,2
6840,Campeche Centro (CAM),21/04/2020,69390,22.75,12.25,6832901283,4004MX,33
6840,Campeche Centro (CAM),21/04/2020,69391,22.75,12.25,6832901445,4004MX,6
6840,Campeche Centro (CAM),21/04/2020,69391,22.75,12.25,6832901445,0884MX,29
6840,Campeche Centro (CAM),21/04/2020,69392,20.15,14.85,6832901585,0884MX,31
6348,6348 - Leones (Nln),21/04/2020,69393,24.86,10.14,6832901843,0884MX,28
6348,6348 - Leones (Nln),21/04/2020,69393,24.86,10.14,6832901843,0366MX,3
6348,6348 - Leones (Nln),21/04/2020,69393,24.86,10.14,6832901843,0364MX,3
6348,6348 - Leones (Nln),21/04/2020,69393,24.86,10.14,6832901843,1926MX,7
6348,6348 - Leones (Nln),21/04/2020,69393,24.86,10.14,6832901843,4007MX,1
6348,6348 - Leones (Nln),21/04/2020,69394,9.21,10.79,6832901972,1926MX,13
6348,6348 - Leones (Nln),21/04/2020,69394,9.21,10.79,6832901972,3176MX,1
6348,6348 - Leones (Nln),21/04/2020,69394,9.21,10.79,6832901972,3525MX,5
6348,6348 - Leones (Nln),21/04/2020,69394,9.21,10.79,6832901972,4001MX,2
1081,LAREDO,21/04/2020,69395,3.47,16.53,6832902344,0364MX,3
1081,LAREDO,21/04/2020,69395,3.47,16.53,6832902344,0366MX,2
1081,LAREDO,21/04/2020,69395,3.47,16.53,6832902344,3525MX,1
1213,TUXTLA 5 ,21/04/2020,69396,13.8,6.2,6832902613,049KMX,3
1213,TUXTLA 5 ,21/04/2020,69396,13.8,6.2,6832902613,440NMX,2
1213,TUXTLA 5 ,21/04/2020,69396,13.8,6.2,6832902613,1473MX,12
1213,TUXTLA 5 ,21/04/2020,69396,13.8,6.2,6832902613,1841MX,1
1076,ZAMORA 3,21/04/2020,69397,34.92,0.08,6832902753,2631MX,58
1076,ZAMORA 3,21/04/2020,69397,34.92,0.08,6832902753,2644MX,2
1076,ZAMORA 3,21/04/2020,69397,34.92,0.08,6832902753,3176MX,1
1076,ZAMORA 3,21/04/2020,69397,34.92,0.08,6832902753,4002MX,3
1076,ZAMORA 3,21/04/2020,69398,34.88,0.12,6832903114,0085MX,64
1076,ZAMORA 3,21/04/2020,69398,34.88,0.12,6832903114,0831MX,2
1076,ZAMORA 3,21/04/2020,69398,34.88,0.12,6832903114,1019MX,53
1076,ZAMORA 3,21/04/2020,69399,34.86,0.14,6832903394,1019MX,62
1076,ZAMORA 3,21/04/2020,69399,34.86,0.14,6832903394,2364MX,2
1076,ZAMORA 3,21/04/2020,69399,34.86,0.14,6832903394,2631MX,2
1076,ZAMORA 3,21/04/2020,69400,16.25,11.25,6832903696,4002MX,21
1076,ZAMORA 3,21/04/2020,69400,16.25,11.25,6832903696,0884MX,4
1228,LAZARO CARDENAS,21/04/2020,69401,18.6,16.4,6832903906,0370MX,28
1228,LAZARO CARDENAS,21/04/2020,69401,18.6,16.4,6832903906,0940MX,26
1228,LAZARO CARDENAS,21/04/2020,69402,11.71,15.79,6832904153,0940MX,1
1228,LAZARO CARDENAS,21/04/2020,69402,11.71,15.79,6832904153,1417MX,7
1228,LAZARO CARDENAS,21/04/2020,69402,11.71,15.79,6832904153,2364MX,5
1228,LAZARO CARDENAS,21/04/2020,69402,11.71,15.79,6832904153,3176MX,5
1130,FRESNILLO,21/04/2020,69403,34.99,0.01,6832904341,0831MX,3
1130,FRESNILLO,21/04/2020,69403,34.99,0.01,6832904341,0964MX,35
1130,FRESNILLO,21/04/2020,69403,34.99,0.01,6832904341,1412MX,7
1130,FRESNILLO,21/04/2020,69403,34.99,0.01,6832904341,1428MX,20
1130,FRESNILLO,21/04/2020,69403,34.99,0.01,6832904341,1829MX,6
1130,FRESNILLO,21/04/2020,69403,34.99,0.01,6832904341,1841MX,21
1130,FRESNILLO,21/04/2020,69403,34.99,0.01,6832904341,2555MX,5
1130,FRESNILLO,21/04/2020,69403,34.99,0.01,6832904341,3115MX,2
1130,FRESNILLO,21/04/2020,69403,34.99,0.01,6832904341,3123MX,2
1130,FRESNILLO,21/04/2020,69404,28.942,6.058,6832904536,0366MX,32
1130,FRESNILLO,21/04/2020,69404,28.942,6.058,6832904536,0032MX,6
1130,FRESNILLO,21/04/2020,69404,28.942,6.058,6832904536,0079MX,6
1130,FRESNILLO,21/04/2020,69404,28.942,6.058,6832904536,0565MX,19
1130,FRESNILLO,21/04/2020,69404,28.942,6.058,6832904536,0831MX,27
1130,FRESNILLO,21/04/2020,69404,28.942,6.058,6832904536,0964MX,2
1130,FRESNILLO,21/04/2020,69405,24.155,10.845,6832905085,2555MX,10
1130,FRESNILLO,21/04/2020,69405,24.155,10.845,6832905085,3115MX,7
1130,FRESNILLO,21/04/2020,69405,24.155,10.845,6832905085,3123MX,12
1130,FRESNILLO,21/04/2020,69405,24.155,10.845,6832905085,3525MX,14
1130,FRESNILLO,21/04/2020,69405,24.155,10.845,6832905085,0884MX,11
1130,FRESNILLO,21/04/2020,69405,24.155,10.845,6832905085,440NMX,5
6702,Comalcalco Tabasco,21/04/2020,69406,34.99,0.01,6832905321,2631MX,64
6702,Comalcalco Tabasco,21/04/2020,69406,34.99,0.01,6832905321,2864MX,1
6702,Comalcalco Tabasco,21/04/2020,69406,34.99,0.01,6832905321,3115MX,1
6702,Comalcalco Tabasco,21/04/2020,69407,34.97,0.03,6832905520,1019MX,64
6702,Comalcalco Tabasco,21/04/2020,69407,34.97,0.03,6832905520,2131MX,4
6702,Comalcalco Tabasco,21/04/2020,69407,34.97,0.03,6832905520,3123MX,1
6702,Comalcalco Tabasco,21/04/2020,69408,34.97,0.03,6832905682,1019MX,64
6702,Comalcalco Tabasco,21/04/2020,69408,34.97,0.03,6832905682,2131MX,4
6702,Comalcalco Tabasco,21/04/2020,69408,34.97,0.03,6832905682,3123MX,1
6702,Comalcalco Tabasco,21/04/2020,69409,34.97,0.03,6832905914,1019MX,64
6702,Comalcalco Tabasco,21/04/2020,69409,34.97,0.03,6832905914,2131MX,4
6702,Comalcalco Tabasco,21/04/2020,69409,34.97,0.03,6832905914,3123MX,1
6702,Comalcalco Tabasco,21/04/2020,69410,34.97,0.03,6832906124,1019MX,50
6702,Comalcalco Tabasco,21/04/2020,69410,34.97,0.03,6832906124,1065MX,14
6702,Comalcalco Tabasco,21/04/2020,69410,34.97,0.03,6832906124,2131MX,4
6702,Comalcalco Tabasco,21/04/2020,69410,34.97,0.03,6832906124,3123MX,1
6702,Comalcalco Tabasco,21/04/2020,69411,34.95,0.05,6832906323,1065MX,54
6702,Comalcalco Tabasco,21/04/2020,69411,34.95,0.05,6832906323,1412MX,6
6702,Comalcalco Tabasco,21/04/2020,69411,34.95,0.05,6832906323,2131MX,3
6702,Comalcalco Tabasco,21/04/2020,69412,32.46,2.54,6832906603,2631MX,24
6702,Comalcalco Tabasco,21/04/2020,69412,32.46,2.54,6832906603,2641MX,33
6702,Comalcalco Tabasco,21/04/2020,69412,32.46,2.54,6832906603,2864MX,10
6702,Comalcalco Tabasco,21/04/2020,69412,32.46,2.54,6832906603,3115MX,1
6702,Comalcalco Tabasco,21/04/2020,69412,32.46,2.54,6832906603,3123MX,1
6702,Comalcalco Tabasco,21/04/2020,69413,32.31,2.69,6832906846,0963MX,36
6702,Comalcalco Tabasco,21/04/2020,69413,32.31,2.69,6832906846,0964MX,95
6702,Comalcalco Tabasco,21/04/2020,69413,32.31,2.69,6832906846,1019MX,32
6702,Comalcalco Tabasco,21/04/2020,69413,32.31,2.69,6832906846,2131MX,2
6702,Comalcalco Tabasco,21/04/2020,69414,32.17,2.83,6832907001,3123MX,5
6702,Comalcalco Tabasco,21/04/2020,69414,32.17,2.83,6832907001,3176MX,2
6702,Comalcalco Tabasco,21/04/2020,69414,32.17,2.83,6832907001,3525MX,41
6702,Comalcalco Tabasco,21/04/2020,69414,32.17,2.83,6832907001,4001MX,8
6702,Comalcalco Tabasco,21/04/2020,69415,31.37,3.63,6832907561,1412MX,8
6702,Comalcalco Tabasco,21/04/2020,69415,31.37,3.63,6832907561,1473MX,14
6702,Comalcalco Tabasco,21/04/2020,69415,31.37,3.63,6832907561,2131MX,35
6702,Comalcalco Tabasco,21/04/2020,69415,31.37,3.63,6832907561,2631MX,14
6702,Comalcalco Tabasco,21/04/2020,69416,26.12,8.88,6832907734,049KMX,2
6702,Comalcalco Tabasco,21/04/2020,69416,26.12,8.88,6832907734,0039MX,1
6702,Comalcalco Tabasco,21/04/2020,69416,26.12,8.88,6832907734,0079MX,28
6702,Comalcalco Tabasco,21/04/2020,69416,26.12,8.88,6832907734,0085MX,253
6702,Comalcalco Tabasco,21/04/2020,69417,25.92,9.08,6832907933,0366MX,12
6702,Comalcalco Tabasco,21/04/2020,69417,25.92,9.08,6832907933,049KMX,28
6702,Comalcalco Tabasco,21/04/2020,69417,25.92,9.08,6832907933,0039MX,9
6702,Comalcalco Tabasco,21/04/2020,69417,25.92,9.08,6832907933,0079MX,1
6702,Comalcalco Tabasco,21/04/2020,69418,23.46,11.54,6832908154,0085MX,128
6702,Comalcalco Tabasco,21/04/2020,69418,23.46,11.54,6832908154,0370MX,20
6702,Comalcalco Tabasco,21/04/2020,69418,23.46,11.54,6832908154,0565MX,19
6702,Comalcalco Tabasco,21/04/2020,69418,23.46,11.54,6832908154,0831MX,17
6702,Comalcalco Tabasco,21/04/2020,69418,23.46,11.54,6832908154,0940MX,4
6702,Comalcalco Tabasco,21/04/2020,69418,23.46,11.54,6832908154,0963MX,8
6702,Comalcalco Tabasco,21/04/2020,69418,23.46,11.54,6832908154,3123MX,1
6702,Comalcalco Tabasco,21/04/2020,69419,23.34,11.66,6832908563,3119MX,64
6702,Comalcalco Tabasco,21/04/2020,69419,23.34,11.66,6832908563,3123MX,6
6702,Comalcalco Tabasco,21/04/2020,69420,22.83,12.17,6832908876,2864MX,55
6702,Comalcalco Tabasco,21/04/2020,69420,22.83,12.17,6832908876,3115MX,29
6702,Comalcalco Tabasco,21/04/2020,69420,22.83,12.17,6832908876,3119MX,8
6702,Comalcalco Tabasco,21/04/2020,69420,22.83,12.17,6832908876,3123MX,4
6702,Comalcalco Tabasco,21/04/2020,69421,22.75,12.25,6832909366,4001MX,35
6702,Comalcalco Tabasco,21/04/2020,69422,22.75,12.25,6832909775,4001MX,5
6702,Comalcalco Tabasco,21/04/2020,69422,22.75,12.25,6832909775,4002MX,30
6702,Comalcalco Tabasco,21/04/2020,69423,22.75,12.25,6832910195,4002MX,16
6702,Comalcalco Tabasco,21/04/2020,69423,22.75,12.25,6832910195,0884MX,19
6702,Comalcalco Tabasco,21/04/2020,69424,20.15,14.85,6832910475,0884MX,31
6702,Comalcalco Tabasco,21/04/2020,69425,18.88,16.12,6832910814,0940MX,22
6702,Comalcalco Tabasco,21/04/2020,69425,18.88,16.12,6832910814,0963MX,60
1060,Cancun (Qtr),21/04/2020,69426,6.755,19.245,6832910943,3189MX,2
1060,Cancun (Qtr),21/04/2020,69426,6.755,19.245,6832910943,0085MX,11
1060,Cancun (Qtr),21/04/2020,69426,6.755,19.245,6832910943,1926MX,8
1060,Cancun (Qtr),21/04/2020,69426,6.755,19.245,6832910943,0884MX,3
1060,Cancun (Qtr),21/04/2020,69426,6.755,19.245,6832910943,0366MX,1
1060,Cancun (Qtr),21/04/2020,69426,6.755,19.245,6832910943,1829MX,1
1060,Cancun (Qtr),21/04/2020,69426,6.755,19.245,6832910943,2131MX,3
1162,Minatitlan (Ver),21/04/2020,69427,8.42,17.58,6832911153,1065MX,14
1162,Minatitlan (Ver),21/04/2020,69427,8.42,17.58,6832911153,1095MX,6
1162,Minatitlan (Ver),21/04/2020,69427,8.42,17.58,6832911153,1829MX,4
6260,Tizimin (Yuc),21/04/2020,69428,25.627,9.373,6832911304,0085MX,4
6260,Tizimin (Yuc),21/04/2020,69428,25.627,9.373,6832911304,0366MX,1
6260,Tizimin (Yuc),21/04/2020,69428,25.627,9.373,6832911304,0032MX,4
6260,Tizimin (Yuc),21/04/2020,69428,25.627,9.373,6832911304,0039MX,1
6260,Tizimin (Yuc),21/04/2020,69428,25.627,9.373,6832911304,0065MX,1
6260,Tizimin (Yuc),21/04/2020,69428,25.627,9.373,6832911304,0079MX,1
6260,Tizimin (Yuc),21/04/2020,69428,25.627,9.373,6832911304,0565MX,1
6260,Tizimin (Yuc),21/04/2020,69428,25.627,9.373,6832911304,0831MX,17
6260,Tizimin (Yuc),21/04/2020,69428,25.627,9.373,6832911304,0940MX,2
6260,Tizimin (Yuc),21/04/2020,69428,25.627,9.373,6832911304,0963MX,7
6260,Tizimin (Yuc),21/04/2020,69428,25.627,9.373,6832911304,0964MX,7
6260,Tizimin (Yuc),21/04/2020,69428,25.627,9.373,6832911304,1019MX,12
6260,Tizimin (Yuc),21/04/2020,69428,25.627,9.373,6832911304,1829MX,1
6260,Tizimin (Yuc),21/04/2020,69428,25.627,9.373,6832911304,1926MX,6
6260,Tizimin (Yuc),21/04/2020,69428,25.627,9.373,6832911304,2131MX,8
6260,Tizimin (Yuc),21/04/2020,69428,25.627,9.373,6832911304,2631MX,4
6260,Tizimin (Yuc),21/04/2020,69428,25.627,9.373,6832911304,2648MX,17
6260,Tizimin (Yuc),21/04/2020,69428,25.627,9.373,6832911304,3115MX,2
6260,Tizimin (Yuc),21/04/2020,69428,25.627,9.373,6832911304,3123MX,2
6260,Tizimin (Yuc),21/04/2020,69429,23.91,11.09,6832911573,2648MX,27
6260,Tizimin (Yuc),21/04/2020,69429,23.91,11.09,6832911573,2864MX,3
6260,Tizimin (Yuc),21/04/2020,69429,23.91,11.09,6832911573,3119MX,2
6260,Tizimin (Yuc),21/04/2020,69429,23.91,11.09,6832911573,3123MX,2
6260,Tizimin (Yuc),21/04/2020,69429,23.91,11.09,6832911573,3189MX,5
6260,Tizimin (Yuc),21/04/2020,69429,23.91,11.09,6832911573,4000MX,12
6260,Tizimin (Yuc),21/04/2020,69429,23.91,11.09,6832911573,1610MX,9
6260,Tizimin (Yuc),21/04/2020,69430,19.99,0.01,6832911750,1610MX,31
6260,Tizimin (Yuc),21/04/2020,69430,19.99,0.01,6832911750,0884MX,2
6260,Tizimin (Yuc),21/04/2020,69430,19.99,0.01,6832911750,049KMX,3
