6074,Cd. Cardel,2020-04-23,71131,16.66,10.84,2578939812,0370MX,22
6074,Cd. Cardel,2020-04-23,71131,16.66,10.84,2578939812,3119MX,42
6159,Perote,2020-04-23,71132,19.9,7.6,2578940346,2364MX,14
6159,Perote,2020-04-23,71132,19.9,7.6,2578940346,3146MX,11
6159,Perote,2020-04-23,71132,19.9,7.6,2578940346,4001MX,24
6164,Río Verde,2020-04-23,71133,25.68,9.32,4183860984,0085MX,175
6164,Río Verde,2020-04-23,71133,25.68,9.32,4183860984,2131MX,67
6164,Río Verde,2020-04-23,71133,25.68,9.32,4183860984,3146MX,13
6164,Río Verde,2020-04-23,71133,25.68,9.32,4183860984,3175MX,2
6164,Río Verde,2020-04-23,71134,23.15,11.85,4183860995,0370MX,42
6164,Río Verde,2020-04-23,71134,23.15,11.85,4183860995,0831MX,23
6164,Río Verde,2020-04-23,71134,23.15,11.85,4183860995,0064MX,23
6164,Río Verde,2020-04-23,71134,23.15,11.85,4183860995,0085MX,153
6164,Río Verde,2020-04-23,71135,22.75,12.25,2578941330,3175MX,35
6164,Río Verde,2020-04-23,71136,22.75,12.25,2578941912,3175MX,32
6164,Río Verde,2020-04-23,71136,22.75,12.25,2578941912,4000MX,3
6164,Río Verde,2020-04-23,71137,22.75,12.25,2578942284,4000MX,35
6164,Río Verde,2020-04-23,71138,22.75,12.25,2578942634,4000MX,35
6164,Río Verde,2020-04-23,71139,22.75,12.25,2578942936,4000MX,35
6164,Río Verde,2020-04-23,71140,22.75,12.25,2578943183,4000MX,35
6164,Río Verde,2020-04-23,71141,22.75,12.25,2578943673,4000MX,3
6164,Río Verde,2020-04-23,71141,22.75,12.25,2578943673,4004MX,32
6164,Río Verde,2020-04-23,71142,22.75,12.25,2578943813,4004MX,6
6164,Río Verde,2020-04-23,71142,22.75,12.25,2578943813,0884MX,29
6164,Río Verde,2020-04-23,71143,9.1,10.9,2578944001,0884MX,14
6155,Jerez,2020-04-23,71144,0.24,6.76,2578944200,0963MX,3
6090,Plaza Orizaba,2020-04-23,71145,14.95,12.55,2578944384,3175MX,23
6120,Plateros Fresnillo,2020-04-23,71146,19.71,7.79,2578944535,1841MX,12
6120,Plateros Fresnillo,2020-04-23,71146,19.71,7.79,2578944535,4002MX,3
6120,Plateros Fresnillo,2020-04-23,71146,19.71,7.79,2578944535,4004MX,10
6120,Plateros Fresnillo,2020-04-23,71146,19.71,7.79,2578944535,049KMX,14
6112,Cd. Valles,2020-04-23,71147,14.46,13.04,2578944782,4000MX,21
6112,Cd. Valles,2020-04-23,71147,14.46,13.04,2578944782,440NMX,6
6150,Puente Cazones Poza Rica,2020-04-23,71148,1.2,5.8,2578944955,3146MX,6
6129,Díaz Mirón,2020-04-23,71149,23.11,11.89,2578945154,1061MX,9
6129,Díaz Mirón,2020-04-23,71149,23.11,11.89,2578945154,3175MX,35
6129,Díaz Mirón,2020-04-23,71150,18.85,8.65,2578945401,3175MX,29
6148,Playa Linda,2020-04-23,71151,35,0,2578945773,1065MX,52
6148,Playa Linda,2020-04-23,71151,35,0,2578945773,3175MX,10
6148,Playa Linda,2020-04-23,71151,35,0,2578945773,0370MX,6
6148,Playa Linda,2020-04-23,71152,34.97,0.03,2578946016,3175MX,3
6148,Playa Linda,2020-04-23,71152,34.97,0.03,2578946016,0370MX,3
6148,Playa Linda,2020-04-23,71152,34.97,0.03,2578946016,0831MX,9
6148,Playa Linda,2020-04-23,71152,34.97,0.03,2578946016,1019MX,56
6148,Playa Linda,2020-04-23,71152,34.97,0.03,2578946016,1926MX,1
6148,Playa Linda,2020-04-23,71153,34.17,0.83,2578946241,3175MX,35
6148,Playa Linda,2020-04-23,71153,34.17,0.83,2578946241,0370MX,6
6148,Playa Linda,2020-04-23,71153,34.17,0.83,2578946241,4007MX,11
6148,Playa Linda,2020-04-23,71154,26.55,0.95,2578946414,1019MX,4
6148,Playa Linda,2020-04-23,71154,26.55,0.95,2578946414,1473MX,5
6148,Playa Linda,2020-04-23,71154,26.55,0.95,2578946414,1926MX,13
6148,Playa Linda,2020-04-23,71154,26.55,0.95,2578946414,2648MX,14
6148,Playa Linda,2020-04-23,71154,26.55,0.95,2578946414,4007MX,11
6060,Ojo Caliente,2020-04-23,71155,4.65,21.35,2578946580,0831MX,16
6060,Ojo Caliente,2020-04-23,71155,4.65,21.35,2578946580,3175MX,1
6073,Aguascalientes Centro,2020-04-23,71156,0.3,6.7,2578946775,0064MX,10
6061,Muñoz,2020-04-23,71157,23.05,11.95,2578946963,1473MX,2
6061,Muñoz,2020-04-23,71157,23.05,11.95,2578946963,0370MX,5
6061,Muñoz,2020-04-23,71157,23.05,11.95,2578946963,4002MX,27
6061,Muñoz,2020-04-23,71157,23.05,11.95,2578946963,4004MX,5
6132,Juan Aldama ,2020-04-23,71158,32.121,2.879,2578947276,3175MX,9
6132,Juan Aldama ,2020-04-23,71158,32.121,2.879,2578947276,440NMX,3
6132,Juan Aldama ,2020-04-23,71158,32.121,2.879,2578947276,0964MX,21
6132,Juan Aldama ,2020-04-23,71158,32.121,2.879,2578947276,0085MX,61
6132,Juan Aldama ,2020-04-23,71158,32.121,2.879,2578947276,0963MX,15
6132,Juan Aldama ,2020-04-23,71158,32.121,2.879,2578947276,1019MX,27
6132,Juan Aldama ,2020-04-23,71158,32.121,2.879,2578947276,4004MX,3
6132,Juan Aldama ,2020-04-23,71159,12.33,13.67,2578947571,4004MX,7
6132,Juan Aldama ,2020-04-23,71159,12.33,13.67,2578947571,1610MX,12
6132,Juan Aldama ,2020-04-23,71159,12.33,13.67,2578947571,0884MX,2
6056,Villa Nicolás Romero,2020-04-23,71160,34.91,0.09,2578947895,2364MX,6
6056,Villa Nicolás Romero,2020-04-23,71160,34.91,0.09,2578947895,0370MX,15
6056,Villa Nicolás Romero,2020-04-23,71160,34.91,0.09,2578947895,3525MX,9
6056,Villa Nicolás Romero,2020-04-23,71160,34.91,0.09,2578947895,0065MX,11
6056,Villa Nicolás Romero,2020-04-23,71160,34.91,0.09,2578947895,0085MX,36
6056,Villa Nicolás Romero,2020-04-23,71160,34.91,0.09,2578947895,0565MX,14
6056,Villa Nicolás Romero,2020-04-23,71160,34.91,0.09,2578947895,0831MX,8
6056,Villa Nicolás Romero,2020-04-23,71160,34.91,0.09,2578947895,1095MX,5
6056,Villa Nicolás Romero,2020-04-23,71160,34.91,0.09,2578947895,1926MX,18
6056,Villa Nicolás Romero,2020-04-23,71160,34.91,0.09,2578947895,2555MX,4
6056,Villa Nicolás Romero,2020-04-23,71160,34.91,0.09,2578947895,3115MX,1
6056,Villa Nicolás Romero,2020-04-23,71160,34.91,0.09,2578947895,4007MX,10
6056,Villa Nicolás Romero,2020-04-23,71161,30.19,4.81,4183860973,2555MX,8
6056,Villa Nicolás Romero,2020-04-23,71161,30.19,4.81,4183860973,2864MX,20
6056,Villa Nicolás Romero,2020-04-23,71161,30.19,4.81,4183860973,3115MX,6
6056,Villa Nicolás Romero,2020-04-23,71161,30.19,4.81,4183860973,3119MX,14
6056,Villa Nicolás Romero,2020-04-23,71161,30.19,4.81,4183860973,3176MX,6
6056,Villa Nicolás Romero,2020-04-23,71161,30.19,4.81,4183860973,4000MX,3
6056,Villa Nicolás Romero,2020-04-23,71161,30.19,4.81,4183860973,4007MX,8
6056,Villa Nicolás Romero,2020-04-23,71162,23.29,11.71,2578948584,4000MX,35
6056,Villa Nicolás Romero,2020-04-23,71162,23.29,11.71,2578948584,1610MX,1
6056,Villa Nicolás Romero,2020-04-23,71163,23.29,11.71,2578948761,4000MX,35
6056,Villa Nicolás Romero,2020-04-23,71163,23.29,11.71,2578948761,1610MX,1
6056,Villa Nicolás Romero,2020-04-23,71164,23.27,4.23,2578948923,4000MX,25
6056,Villa Nicolás Romero,2020-04-23,71164,23.27,4.23,2578948923,1610MX,13
6624,Los Reyes Centro,2020-04-23,71165,34.96,0.04,4183861010,1065MX,44
6624,Los Reyes Centro,2020-04-23,71165,34.96,0.04,4183861010,2648MX,30
6624,Los Reyes Centro,2020-04-23,71165,34.96,0.04,4183861010,0565MX,10
6624,Los Reyes Centro,2020-04-23,71166,1.12,5.88,2578949332,0565MX,7
6047,Temixco,2020-04-23,71167,0.405,6.595,2578949516,440NMX,3
6086,Vista Hermosa,2020-04-23,71168,34.775,0.225,2578949660,0922MX,10
6086,Vista Hermosa,2020-04-23,71168,34.775,0.225,2578949660,1019MX,46
6086,Vista Hermosa,2020-04-23,71168,34.775,0.225,2578949660,3119MX,25
6086,Vista Hermosa,2020-04-23,71168,34.775,0.225,2578949660,440NMX,1
6086,Vista Hermosa,2020-04-23,71169,8.16,17.84,2578949866,3119MX,1
6086,Vista Hermosa,2020-04-23,71169,8.16,17.84,2578949866,4004MX,12
6138,Texcoco Bravo,2020-04-23,71170,7.41,18.59,2578950076,0366MX,13
6083,Vasco de Quiroga,2020-04-23,71171,2.08,4.92,2578950533,0032MX,7
6083,Vasco de Quiroga,2020-04-23,71171,2.08,4.92,2578950533,0565MX,5
6083,Vasco de Quiroga,2020-04-23,71171,2.08,4.92,2578950533,3150MX,5
6008,Misterios Vallejo,2020-04-23,71172,7.15,18.85,2578950765,3176MX,11
6031,Atlacomulco,2020-04-23,71173,0.405,6.595,2578951130,440NMX,3
6003,Plaza Aragón Ecatepec,2020-04-23,71174,35,0,2578951303,4000MX,35
6003,Plaza Aragón Ecatepec,2020-04-23,71174,35,0,2578951303,0831MX,1
6003,Plaza Aragón Ecatepec,2020-04-23,71174,35,0,2578951303,4007MX,12
6003,Plaza Aragón Ecatepec,2020-04-23,71175,34.98,0.02,2578951502,0940MX,15
6003,Plaza Aragón Ecatepec,2020-04-23,71175,34.98,0.02,2578951502,1065MX,47
6003,Plaza Aragón Ecatepec,2020-04-23,71176,34.8,0.2,2578951686,1065MX,22
6003,Plaza Aragón Ecatepec,2020-04-23,71176,34.8,0.2,2578951686,3146MX,3
6003,Plaza Aragón Ecatepec,2020-04-23,71176,34.8,0.2,2578951686,3525MX,36
6003,Plaza Aragón Ecatepec,2020-04-23,71177,34,1,2578951852,4000MX,35
6003,Plaza Aragón Ecatepec,2020-04-23,71177,34,1,2578951852,0831MX,1
6003,Plaza Aragón Ecatepec,2020-04-23,71177,34,1,2578951852,4007MX,11
6003,Plaza Aragón Ecatepec,2020-04-23,71178,26.17,8.83,2578952040,4000MX,16
6003,Plaza Aragón Ecatepec,2020-04-23,71178,26.17,8.83,2578952040,0831MX,14
6003,Plaza Aragón Ecatepec,2020-04-23,71178,26.17,8.83,2578952040,0065MX,16
6003,Plaza Aragón Ecatepec,2020-04-23,71178,26.17,8.83,2578952040,0366MX,19
6003,Plaza Aragón Ecatepec,2020-04-23,71179,24.52,10.48,2578952246,3525MX,6
6003,Plaza Aragón Ecatepec,2020-04-23,71179,24.52,10.48,2578952246,4001MX,18
6003,Plaza Aragón Ecatepec,2020-04-23,71179,24.52,10.48,2578952246,4002MX,14
6003,Plaza Aragón Ecatepec,2020-04-23,71180,20.15,14.85,2578952401,4002MX,31
6003,Plaza Aragón Ecatepec,2020-04-23,71181,18.42,16.58,2578952843,0366MX,2
6003,Plaza Aragón Ecatepec,2020-04-23,71181,18.42,16.58,2578952843,0940MX,27
6066,Pilares Metepec,2020-04-23,71182,19.5,8,2578953156,0884MX,30
6149,Morelos Morelia,2020-04-23,71183,23.34,4.16,2578953436,0032MX,6
6149,Morelos Morelia,2020-04-23,71183,23.34,4.16,2578953436,0079MX,3
6149,Morelos Morelia,2020-04-23,71183,23.34,4.16,2578953436,0366MX,7
6149,Morelos Morelia,2020-04-23,71183,23.34,4.16,2578953436,2631MX,21
6149,Morelos Morelia,2020-04-23,71183,23.34,4.16,2578953436,3175MX,6
6149,Morelos Morelia,2020-04-23,71183,23.34,4.16,2578953436,3176MX,3
6149,Morelos Morelia,2020-04-23,71183,23.34,4.16,2578953436,0085MX,19
6119,Plaza Octagón Cuautitlán Izcalli,2020-04-23,71184,0.77,6.23,2578953694,0370MX,11
6094,1° de Mayo Naucalpan,2020-04-23,71185,1.71,5.29,2578953963,0366MX,3
6039,Plan de Ayala Cuernavaca,2020-04-23,71186,0.28,6.72,2578954206,1829MX,8
5210,Cd. Acuña,2020-04-23,71187,0.42,6.58,2578954464,0370MX,6
6319,Pape Monclova,2020-04-23,71188,26.58,0.92,2578954700,1065MX,47
6319,Pape Monclova,2020-04-23,71188,26.58,0.92,2578954700,1095MX,10
6308,TrianaTorreón,2020-04-23,71189,2.25,4.75,2578954921,3115MX,15
6081,San Luis de la Paz (GTO),2020-04-23,71190,10.12,9.88,2578955083,1412MX,11
6509,Valle de Santiago (GTO),2020-04-23,71191,23.34,11.66,2578955470,0032MX,19
6509,Valle de Santiago (GTO),2020-04-23,71191,23.34,11.66,2578955470,3119MX,23
6509,Valle de Santiago (GTO),2020-04-23,71191,23.34,11.66,2578955470,4000MX,22
6509,Valle de Santiago (GTO),2020-04-23,71192,3.25,16.75,2578955470,4000MX,5
6509,Valle de Santiago (GTO),2020-04-23,71193,22.75,12.25,2578955820,4000MX,35
6054,Chilpancingo (GRO),2020-04-23,71194,6.65,19.35,2578956015,1473MX,7
6079,Juarez Celaya Centro (GTO),2020-04-23,71195,10.4,9.6,2578956203,3175MX,16
6507,San Francisco del Rincón (GTO),2020-04-23,71196,6.07,19.93,2578956472,0032MX,10
6507,San Francisco del Rincón (GTO),2020-04-23,71196,6.07,19.93,2578956472,0079MX,9
6507,San Francisco del Rincón (GTO),2020-04-23,71196,6.07,19.93,2578956472,0964MX,40
6044,Acapulco Centro (GRO),2020-04-23,71197,1,6,2578956774,3150MX,5
6630,Arandas (JAL),2020-04-23,71198,34.58,0.42,4183861021,2648MX,30
6630,Arandas (JAL),2020-04-23,71198,34.58,0.42,4183861021,2631MX,46
6630,Arandas (JAL),2020-04-23,71198,34.58,0.42,4183861021,0079MX,2
6630,Arandas (JAL),2020-04-23,71199,33.68,1.32,4183861032,2631MX,45
6630,Arandas (JAL),2020-04-23,71199,33.68,1.32,4183861032,0079MX,8
6630,Arandas (JAL),2020-04-23,71199,33.68,1.32,4183861032,0831MX,33
6630,Arandas (JAL),2020-04-23,71199,33.68,1.32,4183861032,1095MX,4
6630,Arandas (JAL),2020-04-23,71199,33.68,1.32,4183861032,0085MX,1
6630,Arandas (JAL),2020-04-23,71200,24.715,10.285,4183861043,0085MX,142
6630,Arandas (JAL),2020-04-23,71200,24.715,10.285,4183861043,0370MX,3
6630,Arandas (JAL),2020-04-23,71200,24.715,10.285,4183861043,4000MX,13
6630,Arandas (JAL),2020-04-23,71200,24.715,10.285,4183861043,0884MX,4
6630,Arandas (JAL),2020-04-23,71200,24.715,10.285,4183861043,440NMX,5
6630,Arandas (JAL),2020-04-23,71201,24.09,10.91,2578958045,0940MX,7
6630,Arandas (JAL),2020-04-23,71201,24.09,10.91,2578958045,1095MX,2
6630,Arandas (JAL),2020-04-23,71201,24.09,10.91,2578958045,2641MX,19
6630,Arandas (JAL),2020-04-23,71201,24.09,10.91,2578958045,3176MX,4
6630,Arandas (JAL),2020-04-23,71201,24.09,10.91,2578958045,0085MX,80
6630,Arandas (JAL),2020-04-23,71201,24.09,10.91,2578958045,0370MX,1
6630,Arandas (JAL),2020-04-23,71202,21.71,13.29,4183861054,2864MX,18
6630,Arandas (JAL),2020-04-23,71202,21.71,13.29,4183861054,0065MX,48
6630,Arandas (JAL),2020-04-23,71202,21.71,13.29,4183861054,1841MX,7
6630,Arandas (JAL),2020-04-23,71202,21.71,13.29,4183861054,2648MX,34
6630,Arandas (JAL),2020-04-23,71202,21.71,13.29,4183861054,0079MX,3
6630,Arandas (JAL),2020-04-23,71203,11.7,8.3,2578958491,0884MX,18
6612,Lagos de Moreno (JAL),2020-04-23,71204,6,1,2578958642,4007MX,6
6369,Villa Juarez (MTY),2020-04-23,71205,8.6,17.4,2578958815,2555MX,6
6369,Villa Juarez (MTY),2020-04-23,71205,8.6,17.4,2578958815,3119MX,10
6369,Villa Juarez (MTY),2020-04-23,71205,8.6,17.4,2578958815,3146MX,7
6160,Izucar de Matamoros (PUE),2020-04-23,71206,23.56,3.94,2578959073,3525MX,38
5204,Río Bravo Tamaulipas (TAMS),2020-04-23,71207,0.675,6.325,2578959320,440NMX,5
6606,Ocotlán (JAL),2020-04-23,71208,24.4,10.6,4183861006,1061MX,19
6606,Ocotlán (JAL),2020-04-23,71208,24.4,10.6,4183861006,2131MX,102
6606,Ocotlán (JAL),2020-04-23,71208,24.4,10.6,4183861006,2364MX,10
6606,Ocotlán (JAL),2020-04-23,71208,24.4,10.6,4183861006,3119MX,36
6606,Ocotlán (JAL),2020-04-23,71209,22.77,12.23,2578959821,3119MX,47
6606,Ocotlán (JAL),2020-04-23,71209,22.77,12.23,2578959821,4000MX,9
6606,Ocotlán (JAL),2020-04-23,71210,22.75,12.25,2578960042,4000MX,35
6606,Ocotlán (JAL),2020-04-23,71211,22.75,12.25,2578960263,4000MX,35
6606,Ocotlán (JAL),2020-04-23,71212,22.75,12.25,2578960775,4000MX,25
6606,Ocotlán (JAL),2020-04-23,71212,22.75,12.25,2578960775,4008MX,10
6606,Ocotlán (JAL),2020-04-23,71213,9.1,10.9,2578960941,4008MX,14
6312,Cadereyta Centro (MTY),2020-04-23,71214,18.6,8.9,2578961070,0064MX,2
6312,Cadereyta Centro (MTY),2020-04-23,71214,18.6,8.9,2578961070,0831MX,4
6312,Cadereyta Centro (MTY),2020-04-23,71214,18.6,8.9,2578961070,1019MX,10
6312,Cadereyta Centro (MTY),2020-04-23,71214,18.6,8.9,2578961070,3119MX,16
6312,Cadereyta Centro (MTY),2020-04-23,71214,18.6,8.9,2578961070,3150MX,4
6312,Cadereyta Centro (MTY),2020-04-23,71214,18.6,8.9,2578961070,3525MX,9
6619,Guasave  (SIN),2020-04-23,71215,2,5,2578961232,3150MX,10
6820,CD Deportiva Villahemosa,2020-04-23,71216,22.75,12.25,2578961431,3175MX,35
6820,CD Deportiva Villahemosa,2020-04-23,71217,0.65,6.35,2578961431,3175MX,1
6607,Juan Manuel Guadalajara Centro (JAL),2020-04-23,71218,0.405,6.595,2578961744,440NMX,3
6629,Santa Fe Tlajomulco (JAL),2020-04-23,71219,0.405,6.595,2578961943,440NMX,3
6605,Cordilleras Guadalajara (JAL),2020-04-23,71220,3.25,16.75,2578962212,3176MX,5
6306,Pablo Livas Guadalupe (MTY),2020-04-23,71221,6.84,19.16,2578962422,0364MX,12
6315,Expo Guadalupe  (MTY),2020-04-23,71222,10.1,15.9,2578962713,0364MX,4
6315,Expo Guadalupe  (MTY),2020-04-23,71222,10.1,15.9,2578962713,0565MX,6
6315,Expo Guadalupe  (MTY),2020-04-23,71222,10.1,15.9,2578962713,1061MX,6
6315,Expo Guadalupe  (MTY),2020-04-23,71222,10.1,15.9,2578962713,3189MX,12
6315,Expo Guadalupe  (MTY),2020-04-23,71222,10.1,15.9,2578962713,3525MX,7
6303,Chapultepec (MTY),2020-04-23,71223,0.12,6.88,2578962993,0032MX,3
6311,Metro Modelo (MTY),2020-04-23,71224,1.2,5.8,2578963236,3146MX,6
6313,San Carlos  (MTY),2020-04-23,71225,3,17,2578963446,3150MX,15
6325,Solidaridad (MTY),2020-04-23,71226,0.405,6.595,2578963553,440NMX,3
6335,San Nicolás de los Garza Centro (MTY),2020-04-23,71227,4.425,15.575,2578963704,0039MX,1
6335,San Nicolás de los Garza Centro (MTY),2020-04-23,71227,4.425,15.575,2578963704,0364MX,6
6335,San Nicolás de los Garza Centro (MTY),2020-04-23,71227,4.425,15.575,2578963704,1829MX,9
6335,San Nicolás de los Garza Centro (MTY),2020-04-23,71227,4.425,15.575,2578963704,3150MX,3
6327,Centrito (MTY),2020-04-23,71228,0.96,6.04,2578963866,1926MX,3
6326,Clouthier Santa Catarina (MTY),2020-04-23,71229,33.558,1.442,2578964032,3146MX,10
6326,Clouthier Santa Catarina (MTY),2020-04-23,71229,33.558,1.442,2578964032,2864MX,1
6326,Clouthier Santa Catarina (MTY),2020-04-23,71229,33.558,1.442,2578964032,0065MX,2
6326,Clouthier Santa Catarina (MTY),2020-04-23,71229,33.558,1.442,2578964032,0079MX,6
6326,Clouthier Santa Catarina (MTY),2020-04-23,71229,33.558,1.442,2578964032,0565MX,1
6326,Clouthier Santa Catarina (MTY),2020-04-23,71229,33.558,1.442,2578964032,0963MX,46
6326,Clouthier Santa Catarina (MTY),2020-04-23,71229,33.558,1.442,2578964032,0964MX,3
6326,Clouthier Santa Catarina (MTY),2020-04-23,71229,33.558,1.442,2578964032,1019MX,10
6326,Clouthier Santa Catarina (MTY),2020-04-23,71229,33.558,1.442,2578964032,1065MX,19
6326,Clouthier Santa Catarina (MTY),2020-04-23,71229,33.558,1.442,2578964032,1095MX,1
6326,Clouthier Santa Catarina (MTY),2020-04-23,71229,33.558,1.442,2578964032,1926MX,1
6326,Clouthier Santa Catarina (MTY),2020-04-23,71229,33.558,1.442,2578964032,2131MX,2
6326,Clouthier Santa Catarina (MTY),2020-04-23,71229,33.558,1.442,2578964032,2631MX,2
6326,Clouthier Santa Catarina (MTY),2020-04-23,71229,33.558,1.442,2578964032,2641MX,2
6326,Clouthier Santa Catarina (MTY),2020-04-23,71229,33.558,1.442,2578964032,3115MX,2
6326,Clouthier Santa Catarina (MTY),2020-04-23,71229,33.558,1.442,2578964032,4000MX,8
6326,Clouthier Santa Catarina (MTY),2020-04-23,71229,33.558,1.442,2578964032,4001MX,4
6326,Clouthier Santa Catarina (MTY),2020-04-23,71230,22.75,12.25,2578964216,4001MX,6
6326,Clouthier Santa Catarina (MTY),2020-04-23,71230,22.75,12.25,2578964216,4002MX,27
6326,Clouthier Santa Catarina (MTY),2020-04-23,71230,22.75,12.25,2578964216,0884MX,2
6326,Clouthier Santa Catarina (MTY),2020-04-23,71231,5.85,20.15,2578964393,0884MX,9
6622,Los Mochis   (SIN),2020-04-23,71232,0.405,6.595,2578964496,440NMX,3
6625,Cañadas Culiacán (SIN),2020-04-23,71233,0.12,6.88,2578964835,0032MX,3
5201,Morelos Centro Matamoros (TAMS),2020-04-23,71234,13.36,21.64,2578965034,0831MX,7
5201,Morelos Centro Matamoros (TAMS),2020-04-23,71234,13.36,21.64,2578965034,0922MX,6
5201,Morelos Centro Matamoros (TAMS),2020-04-23,71234,13.36,21.64,2578965034,1829MX,12
5201,Morelos Centro Matamoros (TAMS),2020-04-23,71234,13.36,21.64,2578965034,3119MX,16
5201,Morelos Centro Matamoros (TAMS),2020-04-23,71234,13.36,21.64,2578965034,4004MX,3
5201,Morelos Centro Matamoros (TAMS),2020-04-23,71234,13.36,21.64,2578965034,290NMX,3
5201,Morelos Centro Matamoros (TAMS),2020-04-23,71234,13.36,21.64,2578965034,440NMX,4
5202,Cárdenas Matamoros (TAMS),2020-04-23,71235,16.46,11.04,2578965270,290NMX,3
5202,Cárdenas Matamoros (TAMS),2020-04-23,71235,16.46,11.04,2578965270,1188MX,7
5202,Cárdenas Matamoros (TAMS),2020-04-23,71236,7.495,27.505,2578965270,0922MX,17
5202,Cárdenas Matamoros (TAMS),2020-04-23,71236,7.495,27.505,2578965270,290NMX,6
5202,Cárdenas Matamoros (TAMS),2020-04-23,71236,7.495,27.505,2578965270,440NMX,9
5208,Reynosa Centro(TAMS),2020-04-23,71237,3.57,16.43,2578965594,0366MX,3
5208,Reynosa Centro(TAMS),2020-04-23,71237,3.57,16.43,2578965594,3525MX,3
5209,Hidalgo Reynosa (TAMS),2020-04-23,71238,23.27,11.73,2578965841,0370MX,18
5209,Hidalgo Reynosa (TAMS),2020-04-23,71238,23.27,11.73,2578965841,0831MX,4
5209,Hidalgo Reynosa (TAMS),2020-04-23,71238,23.27,11.73,2578965841,1061MX,8
5209,Hidalgo Reynosa (TAMS),2020-04-23,71238,23.27,11.73,2578965841,3175MX,8
5209,Hidalgo Reynosa (TAMS),2020-04-23,71238,23.27,11.73,2578965841,4000MX,23
5209,Hidalgo Reynosa (TAMS),2020-04-23,71238,23.27,11.73,2578965841,1610MX,1
5209,Hidalgo Reynosa (TAMS),2020-04-23,71239,2.92,17.08,2578965841,4000MX,2
5209,Hidalgo Reynosa (TAMS),2020-04-23,71239,2.92,17.08,2578965841,1610MX,3
5215,Morelos Reynosa (TAMS),2020-04-23,71240,7.15,18.85,2578966180,3175MX,11
6329,Tampico Centro (TAMS),2020-04-23,71241,22.68,4.82,2578966375,2631MX,42
6338,Blvd. Tamaulipas Cd. Victoria (TAMS),2020-04-23,71242,4.87,21.13,2578966552,0039MX,3
6338,Blvd. Tamaulipas Cd. Victoria (TAMS),2020-04-23,71242,4.87,21.13,2578966552,1412MX,5
5007,Centro Rosarito (BC),2020-04-23,71243,1.35,5.65,2578966795,2364MX,9
5033,San Jose del Cabo (BCS),2020-04-23,71244,0.54,6.46,2578967064,0064MX,3
5033,San Jose del Cabo (BCS),2020-04-23,71244,0.54,6.46,2578967064,3115MX,3
4042,Peñasco Sonora (SON),2020-04-23,71245,0.15,6.85,2578967462,3123MX,3
5010,Valle Dorado Ensenada (BC),2020-04-23,71246,3.04,16.96,2578967790,0565MX,19
5023,Romero Tecate(BC),2020-04-23,71247,2.4,17.6,2578968070,0963MX,30
4037,Navojoa (SON),2020-04-23,71248,3.56,16.44,2578968350,3146MX,3
4037,Navojoa (SON),2020-04-23,71248,3.56,16.44,2578968350,1095MX,3
4037,Navojoa (SON),2020-04-23,71248,3.56,16.44,2578968350,1473MX,1
4037,Navojoa (SON),2020-04-23,71248,3.56,16.44,2578968350,2364MX,11
5025,Calle 2daSonora (SON),2020-04-23,71249,10.43,15.57,2578968593,0963MX,19
5025,Calle 2daSonora (SON),2020-04-23,71249,10.43,15.57,2578968593,1065MX,16
5025,Calle 2daSonora (SON),2020-04-23,71249,10.43,15.57,2578968593,440NMX,2
5012,Villanova Mexicali (BC),2020-04-23,71250,11.48,14.52,2578968884,0922MX,22
5012,Villanova Mexicali (BC),2020-04-23,71250,11.48,14.52,2578968884,2631MX,18
5020,Nuevo Mexicali (BC),2020-04-23,71251,2.16,4.84,2578969131,2631MX,4
5029,Lazaro Cardenas Mexicali (BC),2020-04-23,71252,2.36,17.64,2578969422,0077MX,1
5029,Lazaro Cardenas Mexicali (BC),2020-04-23,71252,2.36,17.64,2578969422,0922MX,4
5029,Lazaro Cardenas Mexicali (BC),2020-04-23,71252,2.36,17.64,2578969422,2555MX,3
5029,Lazaro Cardenas Mexicali (BC),2020-04-23,71252,2.36,17.64,2578969422,3115MX,1
5011,Matamoros Tijuana (BC),2020-04-23,71253,0.28,6.72,2578969886,0032MX,7
5019,CD Industrial Tijuana (BC),2020-04-23,71254,1.53,5.47,2578970203,0032MX,12
5019,CD Industrial Tijuana (BC),2020-04-23,71254,1.53,5.47,2578970203,0065MX,5
5019,CD Industrial Tijuana (BC),2020-04-23,71254,1.53,5.47,2578970203,3146MX,3
5021,Fundadores Tijuana (BC),2020-04-23,71255,9.37,16.63,2578970973,3119MX,12
5021,Fundadores Tijuana (BC),2020-04-23,71255,9.37,16.63,2578970973,0065MX,3
5021,Fundadores Tijuana (BC),2020-04-23,71255,9.37,16.63,2578970973,0364MX,5
5021,Fundadores Tijuana (BC),2020-04-23,71255,9.37,16.63,2578970973,2364MX,1
5021,Fundadores Tijuana (BC),2020-04-23,71255,9.37,16.63,2578970973,2864MX,1
5021,Fundadores Tijuana (BC),2020-04-23,71255,9.37,16.63,2578970973,3115MX,2
5021,Fundadores Tijuana (BC),2020-04-23,71255,9.37,16.63,2578970973,3146MX,6
4103,Río Grande Cd.Juárez (CHIH),2020-04-23,71256,0.15,6.85,2578971290,3123MX,3
4106,Juárez Mall Cd.Juárez(CHIH),2020-04-23,71257,33.62,1.38,4183860914,0565MX,12
4106,Juárez Mall Cd.Juárez(CHIH),2020-04-23,71257,33.62,1.38,4183860914,3119MX,14
4106,Juárez Mall Cd.Juárez(CHIH),2020-04-23,71257,33.62,1.38,4183860914,3525MX,43
4106,Juárez Mall Cd.Juárez(CHIH),2020-04-23,71258,11.34,14.66,2578971835,3525MX,12
4106,Juárez Mall Cd.Juárez(CHIH),2020-04-23,71258,11.34,14.66,2578971835,4002MX,6
4108,Jilotepec Cd. Juárez (CHIH),2020-04-23,71259,12.96,13.04,2578972141,1065MX,24
4035,Hermosillo Centro (SON),2020-04-23,71260,0.12,6.88,2578972465,0032MX,3
6175,San Martínez de la Torre (VER),2020-04-23,71261,18.46,9.04,2578972793,0032MX,11
6175,San Martínez de la Torre (VER),2020-04-23,71261,18.46,9.04,2578972793,1412MX,6
6175,San Martínez de la Torre (VER),2020-04-23,71261,18.46,9.04,2578972793,2641MX,17
6175,San Martínez de la Torre (VER),2020-04-23,71261,18.46,9.04,2578972793,4007MX,4
6181,Macuspana Centro,2020-04-23,71262,2.8,17.2,2578973014,3150MX,14
6195,CD DELICIAS CENTRO,2020-04-23,71263,0.37,6.63,2578973246,3123MX,2
6195,CD DELICIAS CENTRO,2020-04-23,71263,0.37,6.63,2578973246,440NMX,2
6178,LOS MOCHIS AV. OBREGÓN (SIN),2020-04-23,71264,0.21,6.79,2578973456,0370MX,3
6191,MÉRIDA PASEO MONTEJO (YUC),2020-04-23,71265,27.14,0.36,2578973692,0922MX,31
6191,MÉRIDA PASEO MONTEJO (YUC),2020-04-23,71265,27.14,0.36,2578973692,2631MX,29
6191,MÉRIDA PASEO MONTEJO (YUC),2020-04-23,71265,27.14,0.36,2578973692,3119MX,25
6902,6902-Nvo Casas Grandes (CHIH),2020-04-23,71266,1.79,5.21,2578973935,1061MX,11
6902,6902-Nvo Casas Grandes (CHIH),2020-04-23,71266,1.79,5.21,2578973935,3115MX,9
6194,TEPIC CENTRO (NAY),2020-04-23,71267,1.98,5.02,2578974182,1841MX,11
6179,Cárdenas Centro,2020-04-23,71268,6.5,19.5,2578974425,3175MX,10
6903,CABORCA CENTRO (SON),2020-04-23,71269,16,4,2578974613,4007MX,16
6841,Emiliano Zapata,2020-04-23,71270,34.99,0.01,2578974812,1019MX,59
6841,Emiliano Zapata,2020-04-23,71270,34.99,0.01,2578974812,1188MX,1
6841,Emiliano Zapata,2020-04-23,71270,34.99,0.01,2578974812,1841MX,3
6841,Emiliano Zapata,2020-04-23,71270,34.99,0.01,2578974812,1926MX,1
6841,Emiliano Zapata,2020-04-23,71270,34.99,0.01,2578974812,2131MX,3
6841,Emiliano Zapata,2020-04-23,71271,34.97,0.03,2578975000,1019MX,64
6841,Emiliano Zapata,2020-04-23,71271,34.97,0.03,2578975000,1841MX,2
6841,Emiliano Zapata,2020-04-23,71271,34.97,0.03,2578975000,3123MX,1
6841,Emiliano Zapata,2020-04-23,71272,31.63,3.37,2578975232,4001MX,2
6841,Emiliano Zapata,2020-04-23,71272,31.63,3.37,2578975232,4002MX,17
6841,Emiliano Zapata,2020-04-23,71272,31.63,3.37,2578975232,4004MX,6
6841,Emiliano Zapata,2020-04-23,71272,31.63,3.37,2578975232,0963MX,10
6841,Emiliano Zapata,2020-04-23,71272,31.63,3.37,2578975232,1610MX,27
6841,Emiliano Zapata,2020-04-23,71273,25.105,9.895,2578975490,0370MX,21
6841,Emiliano Zapata,2020-04-23,71273,25.105,9.895,2578975490,1065MX,12
6841,Emiliano Zapata,2020-04-23,71273,25.105,9.895,2578975490,0565MX,4
6841,Emiliano Zapata,2020-04-23,71273,25.105,9.895,2578975490,0032MX,12
6841,Emiliano Zapata,2020-04-23,71273,25.105,9.895,2578975490,0039MX,2
6841,Emiliano Zapata,2020-04-23,71273,25.105,9.895,2578975490,0077MX,1
6841,Emiliano Zapata,2020-04-23,71273,25.105,9.895,2578975490,0079MX,2
6841,Emiliano Zapata,2020-04-23,71273,25.105,9.895,2578975490,0085MX,43
6841,Emiliano Zapata,2020-04-23,71273,25.105,9.895,2578975490,0831MX,14
6841,Emiliano Zapata,2020-04-23,71273,25.105,9.895,2578975490,0940MX,12
6841,Emiliano Zapata,2020-04-23,71273,25.105,9.895,2578975490,1019MX,1
6841,Emiliano Zapata,2020-04-23,71273,25.105,9.895,2578975490,1829MX,1
6841,Emiliano Zapata,2020-04-23,71274,1.64,24.36,2578975490,290NMX,2
6841,Emiliano Zapata,2020-04-23,71275,23.5,11.5,2578975766,2555MX,4
6841,Emiliano Zapata,2020-04-23,71275,23.5,11.5,2578975766,2631MX,6
6841,Emiliano Zapata,2020-04-23,71275,23.5,11.5,2578975766,2648MX,10
6841,Emiliano Zapata,2020-04-23,71275,23.5,11.5,2578975766,2864MX,16
6841,Emiliano Zapata,2020-04-23,71275,23.5,11.5,2578975766,3115MX,1
6841,Emiliano Zapata,2020-04-23,71275,23.5,11.5,2578975766,3150MX,1
6841,Emiliano Zapata,2020-04-23,71275,23.5,11.5,2578975766,3175MX,12
6841,Emiliano Zapata,2020-04-23,71275,23.5,11.5,2578975766,4000MX,3
6841,Emiliano Zapata,2020-04-23,71275,23.5,11.5,2578975766,0963MX,1
6841,Emiliano Zapata,2020-04-23,71276,23.105,11.895,2578976293,1188MX,2
6841,Emiliano Zapata,2020-04-23,71276,23.105,11.895,2578976293,1926MX,41
6841,Emiliano Zapata,2020-04-23,71276,23.105,11.895,2578976293,2131MX,24
6841,Emiliano Zapata,2020-04-23,71276,23.105,11.895,2578976293,2555MX,5
6841,Emiliano Zapata,2020-04-23,71276,23.105,11.895,2578976293,2631MX,1
6841,Emiliano Zapata,2020-04-23,71276,23.105,11.895,2578976293,3115MX,1
6841,Emiliano Zapata,2020-04-23,71276,23.105,11.895,2578976293,440NMX,1
6841,Emiliano Zapata,2020-04-23,71277,23.07,11.93,2578976466,4000MX,24
6841,Emiliano Zapata,2020-04-23,71277,23.07,11.93,2578976466,4001MX,11
6841,Emiliano Zapata,2020-04-23,71277,23.07,11.93,2578976466,0963MX,4
6841,Emiliano Zapata,2020-04-23,71278,10.58,24.42,2578976724,1610MX,11
6841,Emiliano Zapata,2020-04-23,71278,10.58,24.42,2578976724,290NMX,5
6841,Emiliano Zapata,2020-04-23,71278,10.58,24.42,2578976724,440NMX,4
6841,Emiliano Zapata,2020-04-23,71279,4.92,30.08,2578976724,290NMX,6
6841,Emiliano Zapata,2020-04-23,71280,4.92,30.08,2578976724,290NMX,6
6906,CD JIMÉNEZ CHIH,2020-04-23,71281,6.69,19.31,2578977100,0032MX,3
6906,CD JIMÉNEZ CHIH,2020-04-23,71281,6.69,19.31,2578977100,2364MX,12
6906,CD JIMÉNEZ CHIH,2020-04-23,71281,6.69,19.31,2578977100,3115MX,3
6906,CD JIMÉNEZ CHIH,2020-04-23,71281,6.69,19.31,2578977100,3119MX,12
6641,LA BARCA CENTRO,2020-04-23,71282,0.3,6.7,2578977321,3123MX,6
6117,6117-Santa Barbara Ixtapaluca (EDOMEX),2020-04-23,71283,1.71,5.29,2578977564,0370MX,13
6117,6117-Santa Barbara Ixtapaluca (EDOMEX),2020-04-23,71283,1.71,5.29,2578977564,3146MX,4
6850,Cunduacán,2020-04-23,71284,15.28,12.22,2578977796,1926MX,34
6850,Cunduacán,2020-04-23,71284,15.28,12.22,2578977796,0077MX,10
6850,Cunduacán,2020-04-23,71284,15.28,12.22,2578977796,0831MX,14
6849,Teapa,2020-04-23,71285,24.84,2.66,2578977984,0940MX,6
6849,Teapa,2020-04-23,71285,24.84,2.66,2578977984,0370MX,8
6849,Teapa,2020-04-23,71285,24.84,2.66,2578977984,0065MX,16
6849,Teapa,2020-04-23,71285,24.84,2.66,2578977984,1428MX,21
6849,Teapa,2020-04-23,71285,24.84,2.66,2578977984,3146MX,11
6849,Teapa,2020-04-23,71286,18.19,16.81,2578978312,0940MX,27
6849,Teapa,2020-04-23,71286,18.19,16.81,2578978312,0370MX,13
6904,Guerrero Negro,2020-04-23,71287,7.68,12.32,2578978474,1095MX,4
6904,Guerrero Negro,2020-04-23,71287,7.68,12.32,2578978474,1428MX,9
6640,Colima,2020-04-23,71288,0.315,6.685,2578978846,1829MX,9
4041,Pabellón ,2020-04-23,71289,5.605,20.395,2578978953,3176MX,8
4041,Pabellón ,2020-04-23,71289,5.605,20.395,2578978953,440NMX,3
1147,Tezonapa,2020-04-23,71290,0.12,6.88,2578979233,1061MX,3
1089,Chalco,2020-04-23,71291,14.6,12.9,2578979443,3150MX,8
1089,Chalco,2020-04-23,71291,14.6,12.9,2578979443,3175MX,20
1075, San Cristóbal De Las Casas,2020-04-23,71292,5.2,20.8,2578979723,3175MX,8
1098,Comitán,2020-04-23,71293,13.46,14.04,2578979966,1417MX,6
1098,Comitán,2020-04-23,71293,13.46,14.04,2578979966,1829MX,10
1098,Comitán,2020-04-23,71293,13.46,14.04,2578979966,2864MX,16
1098,Comitán,2020-04-23,71293,13.46,14.04,2578979966,3525MX,1
1098,Comitán,2020-04-23,71293,13.46,14.04,2578979966,4001MX,3
1145,Cd. Altamirano,2020-04-23,71294,24.884,10.116,2578980191,0085MX,62
1145,Cd. Altamirano,2020-04-23,71294,24.884,10.116,2578980191,0370MX,7
1145,Cd. Altamirano,2020-04-23,71294,24.884,10.116,2578980191,0964MX,19
1145,Cd. Altamirano,2020-04-23,71294,24.884,10.116,2578980191,1473MX,3
1145,Cd. Altamirano,2020-04-23,71294,24.884,10.116,2578980191,2641MX,11
1145,Cd. Altamirano,2020-04-23,71294,24.884,10.116,2578980191,2648MX,11
1145,Cd. Altamirano,2020-04-23,71294,24.884,10.116,2578980191,3175MX,7
1145,Cd. Altamirano,2020-04-23,71295,23.62,11.38,2578980423,4000MX,8
1145,Cd. Altamirano,2020-04-23,71295,23.62,11.38,2578980423,4001MX,10
1145,Cd. Altamirano,2020-04-23,71295,23.62,11.38,2578980423,4002MX,14
1145,Cd. Altamirano,2020-04-23,71295,23.62,11.38,2578980423,3146MX,3
1145,Cd. Altamirano,2020-04-23,71295,23.62,11.38,2578980423,1841MX,6
1145,Cd. Altamirano,2020-04-23,71295,23.62,11.38,2578980423,2555MX,1
1145,Cd. Altamirano,2020-04-23,71295,23.62,11.38,2578980423,1610MX,1
1145,Cd. Altamirano,2020-04-23,71296,23.15,11.85,2578980703,3175MX,3
1145,Cd. Altamirano,2020-04-23,71296,23.15,11.85,2578980703,4000MX,32
1145,Cd. Altamirano,2020-04-23,71296,23.15,11.85,2578980703,3146MX,2
1145,Cd. Altamirano,2020-04-23,71297,14.85,5.15,2578980902,2555MX,6
1145,Cd. Altamirano,2020-04-23,71297,14.85,5.15,2578980902,1610MX,10
1145,Cd. Altamirano,2020-04-23,71297,14.85,5.15,2578980902,0884MX,9
1129,Iguala De La Independencia,2020-04-23,71298,13.85,13.65,2578981274,0370MX,13
1129,Iguala De La Independencia,2020-04-23,71298,13.85,13.65,2578981274,1412MX,7
1129,Iguala De La Independencia,2020-04-23,71298,13.85,13.65,2578981274,3123MX,3
1129,Iguala De La Independencia,2020-04-23,71298,13.85,13.65,2578981274,3146MX,9
1129,Iguala De La Independencia,2020-04-23,71298,13.85,13.65,2578981274,3175MX,7
1206,Motozintla,2020-04-23,71299,6.65,19.35,2578981521,1473MX,7
1179,Abasolo,2020-04-23,71300,0.405,6.595,2578981812,440NMX,3
1158,Cd. del Carmen,2020-04-23,71301,2.32,17.68,2578982055,1061MX,1
1158,Cd. del Carmen,2020-04-23,71301,2.32,17.68,2578982055,1095MX,1
1158,Cd. del Carmen,2020-04-23,71301,2.32,17.68,2578982055,1841MX,12
6201,Xochimilco ,2020-04-23,71302,1.38,5.62,2578982280,0039MX,9
6201,Xochimilco ,2020-04-23,71302,1.38,5.62,2578982280,3189MX,3
6212,Tula Centro ,2020-04-23,71303,21.39,13.61,7365840156,1412MX,7
6212,Tula Centro ,2020-04-23,71303,21.39,13.61,7365840156,3175MX,23
6212,Tula Centro ,2020-04-23,71304,20.24,14.76,7365840403,1412MX,22
6259, Huamantla,2020-04-23,71305,34.86,0.14,7365840720,1473MX,6
6259, Huamantla,2020-04-23,71305,34.86,0.14,7365840720,2631MX,54
6259, Huamantla,2020-04-23,71306,34.77,0.23,7365840996,1065MX,37
6259, Huamantla,2020-04-23,71306,34.77,0.23,7365840996,1473MX,15
6259, Huamantla,2020-04-23,71306,34.77,0.23,7365840996,2631MX,1
6259, Huamantla,2020-04-23,71307,34.59,0.41,7365841335,0366MX,19
6259, Huamantla,2020-04-23,71307,34.59,0.41,7365841335,1065MX,44
6259, Huamantla,2020-04-23,71308,31.32,3.68,7365841781,2631MX,58
6651,Plaza Santa Rosa,2020-04-23,71309,4.6,21.4,7365842013,0065MX,28
6651,Plaza Santa Rosa,2020-04-23,71309,4.6,21.4,7365842013,0565MX,13
6851,Plaza The Village,2020-04-23,71310,11.05,8.95,7365842304,3175MX,17
4003,TIJUANA CENTRO (BCA),2020-04-23,71311,4.32,15.68,7365842514,2631MX,8
4013,CONSTITUCION (BCA),2020-04-23,71312,1.05,18.95,7365842794,011KMX,3
4030,MACROPLAZA (BCA),2020-04-23,71313,1.92,18.08,7365843133,1926MX,6
4031,SANTA FE (BCA),2020-04-23,71314,25.874,1.626,7365843402,0085MX,1
4031,SANTA FE (BCA),2020-04-23,71314,25.874,1.626,7365843402,0963MX,21
4031,SANTA FE (BCA),2020-04-23,71314,25.874,1.626,7365843402,0964MX,9
4031,SANTA FE (BCA),2020-04-23,71314,25.874,1.626,7365843402,1065MX,21
4031,SANTA FE (BCA),2020-04-23,71314,25.874,1.626,7365843402,2631MX,12
4031,SANTA FE (BCA),2020-04-23,71314,25.874,1.626,7365843402,3123MX,3
4031,SANTA FE (BCA),2020-04-23,71314,25.874,1.626,7365843402,3525MX,3
4031,SANTA FE (BCA),2020-04-23,71314,25.874,1.626,7365843402,4004MX,4
4031,SANTA FE (BCA),2020-04-23,71314,25.874,1.626,7365843402,1610MX,1
4034,OASIS (BCA),2020-04-23,71315,21.7,5.8,7365843671,049KMX,4
4034,OASIS (BCA),2020-04-23,71315,21.7,5.8,7365843671,0364MX,6
4034,OASIS (BCA),2020-04-23,71315,21.7,5.8,7365843671,1065MX,14
4034,OASIS (BCA),2020-04-23,71315,21.7,5.8,7365843671,0922MX,7
4034,OASIS (BCA),2020-04-23,71315,21.7,5.8,7365843671,1019MX,14
6226,PLAZA PATIO ACAPULCO (GRO),2020-04-23,71316,4.55,21.45,7365844113,3175MX,7
6502,JARDINES DEL MORAL (GTO),2020-04-23,71317,1.2,5.8,7365844485,3150MX,6
6643,LA RIOJA (JAL),2020-04-23,71318,7.52,18.48,7365845126,0963MX,7
6643,LA RIOJA (JAL),2020-04-23,71318,7.52,18.48,7365845126,1065MX,6
6643,LA RIOJA (JAL),2020-04-23,71318,7.52,18.48,7365845126,2864MX,4
6643,LA RIOJA (JAL),2020-04-23,71318,7.52,18.48,7365845126,0884MX,4
6186,VILLAHERMOSA CEN. (TAB),2020-04-23,71319,1.19,5.81,7365845314,0079MX,17
6835,VILLAHERMOSA CASA BLANCA (TAB),2020-04-23,71320,10.32,9.68,7365845561,0963MX,129
6855,VILLAHERMOSA  PLAZA PATIO (TAB),2020-04-23,71321,0.12,6.88,7365845841,0032MX,3
6932,JUCHITAN DE ZARAGOZA,2020-04-23,71322,2.76,17.24,7365846154,1412MX,3
5050,LOS CABOS,2020-04-23,71323,34.92,0.08,7365846482,1019MX,56
5050,LOS CABOS,2020-04-23,71323,34.92,0.08,7365846482,1061MX,2
5050,LOS CABOS,2020-04-23,71323,34.92,0.08,7365846482,1412MX,2
5050,LOS CABOS,2020-04-23,71323,34.92,0.08,7365846482,1926MX,8
5050,LOS CABOS,2020-04-23,71323,34.92,0.08,7365846482,3146MX,1
5050,LOS CABOS,2020-04-23,71324,29.54,5.46,4183860962,0064MX,2
5050,LOS CABOS,2020-04-23,71324,29.54,5.46,4183860962,0085MX,132
5050,LOS CABOS,2020-04-23,71324,29.54,5.46,4183860962,0370MX,4
5050,LOS CABOS,2020-04-23,71324,29.54,5.46,4183860962,0565MX,5
5050,LOS CABOS,2020-04-23,71324,29.54,5.46,4183860962,0963MX,97
5050,LOS CABOS,2020-04-23,71324,29.54,5.46,4183860962,1019MX,16
5050,LOS CABOS,2020-04-23,71324,29.54,5.46,4183860962,1061MX,3
5050,LOS CABOS,2020-04-23,71325,18.38,9.12,7365846891,1926MX,1
5050,LOS CABOS,2020-04-23,71325,18.38,9.12,7365846891,2555MX,5
5050,LOS CABOS,2020-04-23,71325,18.38,9.12,7365846891,2641MX,6
5050,LOS CABOS,2020-04-23,71325,18.38,9.12,7365846891,3119MX,14
5050,LOS CABOS,2020-04-23,71325,18.38,9.12,7365846891,3146MX,8
5050,LOS CABOS,2020-04-23,71325,18.38,9.12,7365846891,044KMX,19
5050,LOS CABOS,2020-04-23,71325,18.38,9.12,7365846891,049KMX,6
4214,San Juan del Rio Qro.,2020-04-23,71326,30.45,4.55,7365847064,0940MX,6
4214,San Juan del Rio Qro.,2020-04-23,71326,30.45,4.55,7365847064,1065MX,10
4214,San Juan del Rio Qro.,2020-04-23,71326,30.45,4.55,7365847064,1926MX,7
4214,San Juan del Rio Qro.,2020-04-23,71326,30.45,4.55,7365847064,2364MX,9
4214,San Juan del Rio Qro.,2020-04-23,71326,30.45,4.55,7365847064,2555MX,10
4214,San Juan del Rio Qro.,2020-04-23,71326,30.45,4.55,7365847064,2631MX,21
4214,San Juan del Rio Qro.,2020-04-23,71326,30.45,4.55,7365847064,3150MX,1
4214,San Juan del Rio Qro.,2020-04-23,71326,30.45,4.55,7365847064,044KMX,1
4214,San Juan del Rio Qro.,2020-04-23,71327,27.83,7.17,7365847230,1019MX,15
4214,San Juan del Rio Qro.,2020-04-23,71327,27.83,7.17,7365847230,1095MX,4
4214,San Juan del Rio Qro.,2020-04-23,71327,27.83,7.17,7365847230,4000MX,29
4214,San Juan del Rio Qro.,2020-04-23,71327,27.83,7.17,7365847230,0963MX,4
4214,San Juan del Rio Qro.,2020-04-23,71327,27.83,7.17,7365847230,0032MX,2
4214,San Juan del Rio Qro.,2020-04-23,71328,25.42,9.58,7365847694,2631MX,3
4214,San Juan del Rio Qro.,2020-04-23,71328,25.42,9.58,7365847694,2864MX,11
4214,San Juan del Rio Qro.,2020-04-23,71328,25.42,9.58,7365847694,3150MX,24
4214,San Juan del Rio Qro.,2020-04-23,71328,25.42,9.58,7365847694,3175MX,6
4214,San Juan del Rio Qro.,2020-04-23,71328,25.42,9.58,7365847694,3189MX,3
4214,San Juan del Rio Qro.,2020-04-23,71328,25.42,9.58,7365847694,3525MX,4
4214,San Juan del Rio Qro.,2020-04-23,71328,25.42,9.58,7365847694,4001MX,4
4214,San Juan del Rio Qro.,2020-04-23,71328,25.42,9.58,7365847694,4002MX,9
4214,San Juan del Rio Qro.,2020-04-23,71328,25.42,9.58,7365847694,3119MX,1
4214,San Juan del Rio Qro.,2020-04-23,71328,25.42,9.58,7365847694,044KMX,2
4214,San Juan del Rio Qro.,2020-04-23,71329,1.05,18.95,7365847694,011KMX,3
4214,San Juan del Rio Qro.,2020-04-23,71330,24.53,10.47,7365848070,4000MX,13
4214,San Juan del Rio Qro.,2020-04-23,71330,24.53,10.47,7365848070,0963MX,5
4214,San Juan del Rio Qro.,2020-04-23,71330,24.53,10.47,7365848070,1841MX,5
4214,San Juan del Rio Qro.,2020-04-23,71330,24.53,10.47,7365848070,3146MX,11
4214,San Juan del Rio Qro.,2020-04-23,71330,24.53,10.47,7365848070,0366MX,3
4214,San Juan del Rio Qro.,2020-04-23,71330,24.53,10.47,7365848070,0831MX,2
4214,San Juan del Rio Qro.,2020-04-23,71330,24.53,10.47,7365848070,0032MX,2
4214,San Juan del Rio Qro.,2020-04-23,71330,24.53,10.47,7365848070,0065MX,4
4214,San Juan del Rio Qro.,2020-04-23,71330,24.53,10.47,7365848070,0085MX,24
4214,San Juan del Rio Qro.,2020-04-23,71330,24.53,10.47,7365848070,0364MX,2
4214,San Juan del Rio Qro.,2020-04-23,71330,24.53,10.47,7365848070,0922MX,19
4214,San Juan del Rio Qro.,2020-04-23,71330,24.53,10.47,7365848070,0940MX,6
4214,San Juan del Rio Qro.,2020-04-23,71330,24.53,10.47,7365848070,1061MX,1
4214,San Juan del Rio Qro.,2020-04-23,71330,24.53,10.47,7365848070,1065MX,2
4214,San Juan del Rio Qro.,2020-04-23,71330,24.53,10.47,7365848070,2364MX,1
4214,San Juan del Rio Qro.,2020-04-23,71331,24.06,10.94,7365848442,4002MX,3
4214,San Juan del Rio Qro.,2020-04-23,71331,24.06,10.94,7365848442,4004MX,3
4214,San Juan del Rio Qro.,2020-04-23,71331,24.06,10.94,7365848442,4008MX,8
4214,San Juan del Rio Qro.,2020-04-23,71331,24.06,10.94,7365848442,3119MX,13
4214,San Juan del Rio Qro.,2020-04-23,71331,24.06,10.94,7365848442,1610MX,4
4214,San Juan del Rio Qro.,2020-04-23,71331,24.06,10.94,7365848442,0884MX,10
4214,San Juan del Rio Qro.,2020-04-23,71331,24.06,10.94,7365848442,044KMX,4
4214,San Juan del Rio Qro.,2020-04-23,71331,24.06,10.94,7365848442,049KMX,2
4208,La piedad Mich.,2020-04-23,71332,5.06,20.94,7365848755,0065MX,3
4208,La piedad Mich.,2020-04-23,71332,5.06,20.94,7365848755,1417MX,4
4208,La piedad Mich.,2020-04-23,71332,5.06,20.94,7365848755,2364MX,5
4218,Tuxpan Veracruz,2020-04-23,71333,3.28,16.72,7365849013,3150MX,11
4218,Tuxpan Veracruz,2020-04-23,71333,3.28,16.72,7365849013,0032MX,27
4221,Agua Dulce Veracruz,2020-04-23,71334,1.35,5.65,7365849352,3115MX,9
4222,Jaltipan Ver,2020-04-23,71335,13.02,12.98,7365849746,0064MX,3
4222,Jaltipan Ver,2020-04-23,71335,13.02,12.98,7365849746,0077MX,3
4222,Jaltipan Ver,2020-04-23,71335,13.02,12.98,7365849746,0364MX,5
4222,Jaltipan Ver,2020-04-23,71335,13.02,12.98,7365849746,0922MX,6
4222,Jaltipan Ver,2020-04-23,71335,13.02,12.98,7365849746,1061MX,3
4222,Jaltipan Ver,2020-04-23,71335,13.02,12.98,7365849746,1095MX,3
4222,Jaltipan Ver,2020-04-23,71335,13.02,12.98,7365849746,1473MX,3
4222,Jaltipan Ver,2020-04-23,71335,13.02,12.98,7365849746,2644MX,12
4220,TIERRA BLANCA Ver.,2020-04-23,71336,6.82,19.18,7365850133,3525MX,11
4209,Salamanca Guanajuato,2020-04-23,71337,19.575,6.425,7365850435,1065MX,35
4209,Salamanca Guanajuato,2020-04-23,71337,19.575,6.425,7365850435,440NMX,5
4211,Cortazar Guanajuato,2020-04-23,71338,22.8,12.2,7365850752,2555MX,8
4211,Cortazar Guanajuato,2020-04-23,71338,22.8,12.2,7365850752,3119MX,50
4211,Cortazar Guanajuato,2020-04-23,71339,22.4,12.6,7365851522,0079MX,20
4211,Cortazar Guanajuato,2020-04-23,71339,22.4,12.6,7365851522,3146MX,9
4211,Cortazar Guanajuato,2020-04-23,71339,22.4,12.6,7365851522,2555MX,32
4211,Cortazar Guanajuato,2020-04-23,71340,12.24,7.76,7365851905,3119MX,34
6934,Esperanza Centro,2020-04-23,71341,0.69,6.31,7365852384,0032MX,3
6934,Esperanza Centro,2020-04-23,71341,0.69,6.31,7365852384,3189MX,3
4201,SAHUAYO (MCH),2020-04-23,71342,34.92,0.08,4183860925,3525MX,15
4201,SAHUAYO (MCH),2020-04-23,71342,34.92,0.08,4183860925,0085MX,37
4201,SAHUAYO (MCH),2020-04-23,71342,34.92,0.08,4183860925,0831MX,13
4201,SAHUAYO (MCH),2020-04-23,71342,34.92,0.08,4183860925,1065MX,25
4201,SAHUAYO (MCH),2020-04-23,71342,34.92,0.08,4183860925,1473MX,5
4201,SAHUAYO (MCH),2020-04-23,71342,34.92,0.08,4183860925,1829MX,4
4201,SAHUAYO (MCH),2020-04-23,71342,34.92,0.08,4183860925,2641MX,1
4201,SAHUAYO (MCH),2020-04-23,71342,34.92,0.08,4183860925,3115MX,1
4201,SAHUAYO (MCH),2020-04-23,71343,34.45,0.55,4183860940,1926MX,18
4201,SAHUAYO (MCH),2020-04-23,71343,34.45,0.55,4183860940,2864MX,16
4201,SAHUAYO (MCH),2020-04-23,71343,34.45,0.55,4183860940,1019MX,33
4201,SAHUAYO (MCH),2020-04-23,71343,34.45,0.55,4183860940,2131MX,23
4201,SAHUAYO (MCH),2020-04-23,71343,34.45,0.55,4183860940,2631MX,8
4201,SAHUAYO (MCH),2020-04-23,71344,34.015,0.985,4183860951,2631MX,32
4201,SAHUAYO (MCH),2020-04-23,71344,34.015,0.985,4183860951,0366MX,5
4201,SAHUAYO (MCH),2020-04-23,71344,34.015,0.985,4183860951,2648MX,25
4201,SAHUAYO (MCH),2020-04-23,71344,34.015,0.985,4183860951,3525MX,9
4201,SAHUAYO (MCH),2020-04-23,71344,34.015,0.985,4183860951,0085MX,3
4201,SAHUAYO (MCH),2020-04-23,71344,34.015,0.985,4183860951,1829MX,1
4201,SAHUAYO (MCH),2020-04-23,71345,24.89,10.11,7365853611,1473MX,1
4201,SAHUAYO (MCH),2020-04-23,71345,24.89,10.11,7365853611,2641MX,9
4201,SAHUAYO (MCH),2020-04-23,71345,24.89,10.11,7365853611,3115MX,5
4201,SAHUAYO (MCH),2020-04-23,71345,24.89,10.11,7365853611,3146MX,3
4201,SAHUAYO (MCH),2020-04-23,71345,24.89,10.11,7365853611,4000MX,27
4201,SAHUAYO (MCH),2020-04-23,71345,24.89,10.11,7365853611,440NMX,4
4201,SAHUAYO (MCH),2020-04-23,71346,1.64,24.36,7365853611,290NMX,2
4201,SAHUAYO (MCH),2020-04-23,71347,23.11,11.89,7365853891,4000MX,21
4201,SAHUAYO (MCH),2020-04-23,71347,23.11,11.89,7365853891,4002MX,14
4201,SAHUAYO (MCH),2020-04-23,71347,23.11,11.89,7365853891,3119MX,1
4201,SAHUAYO (MCH),2020-04-23,71348,15.78,19.22,7365854134,4002MX,1
4201,SAHUAYO (MCH),2020-04-23,71348,15.78,19.22,7365854134,3119MX,14
4201,SAHUAYO (MCH),2020-04-23,71348,15.78,19.22,7365854134,0884MX,13
4201,SAHUAYO (MCH),2020-04-23,71348,15.78,19.22,7365854134,290NMX,2
5039,La Paz Camino Real (BCS),2020-04-23,71349,0.24,6.76,7365854355,0032MX,6
6930,CHIHUAHUA INDUSTRIAS (CHI),2020-04-23,71350,1.86,5.14,7365854753,3525MX,3
6840,Campeche Centro (CAM),2020-04-23,71351,34.89,0.11,4183861076,0064MX,1
6840,Campeche Centro (CAM),2020-04-23,71351,34.89,0.11,4183861076,0065MX,2
6840,Campeche Centro (CAM),2020-04-23,71351,34.89,0.11,4183861076,0077MX,4
6840,Campeche Centro (CAM),2020-04-23,71351,34.89,0.11,4183861076,0370MX,7
6840,Campeche Centro (CAM),2020-04-23,71351,34.89,0.11,4183861076,0831MX,27
6840,Campeche Centro (CAM),2020-04-23,71351,34.89,0.11,4183861076,1019MX,50
6840,Campeche Centro (CAM),2020-04-23,71351,34.89,0.11,4183861076,1061MX,2
6840,Campeche Centro (CAM),2020-04-23,71352,34.46,0.54,7365855221,1019MX,23
6840,Campeche Centro (CAM),2020-04-23,71352,34.46,0.54,7365855221,1428MX,3
6840,Campeche Centro (CAM),2020-04-23,71352,34.46,0.54,7365855221,1473MX,7
6840,Campeche Centro (CAM),2020-04-23,71352,34.46,0.54,7365855221,1841MX,8
6840,Campeche Centro (CAM),2020-04-23,71352,34.46,0.54,7365855221,2364MX,12
6840,Campeche Centro (CAM),2020-04-23,71352,34.46,0.54,7365855221,4001MX,4
6840,Campeche Centro (CAM),2020-04-23,71352,34.46,0.54,7365855221,4004MX,11
6840,Campeche Centro (CAM),2020-04-23,71353,22.75,12.25,7365855486,4004MX,5
6840,Campeche Centro (CAM),2020-04-23,71353,22.75,12.25,7365855486,4008MX,28
6840,Campeche Centro (CAM),2020-04-23,71353,22.75,12.25,7365855486,0884MX,2
6840,Campeche Centro (CAM),2020-04-23,71354,3.25,16.75,7365855486,0884MX,5
1223,HUAJUAPAN DE LEON,2020-04-23,71355,0.15,6.85,7365855781,3123MX,3
6933,COZUMEL,2020-04-23,71356,2.52,17.48,7365856024,0032MX,39
6933,COZUMEL,2020-04-23,71356,2.52,17.48,7365856024,0922MX,12
6857,Plaza Patios (TAM),2020-04-23,71357,7.62,19.88,7365856256,3525MX,7
6857,Plaza Patios (TAM),2020-04-23,71357,7.62,19.88,7365856256,290NMX,4
6348,6348 - Leones (Nln),2020-04-23,71358,7.14,18.86,7365856525,0884MX,8
6348,6348 - Leones (Nln),2020-04-23,71358,7.14,18.86,7365856525,1926MX,1
6348,6348 - Leones (Nln),2020-04-23,71358,7.14,18.86,7365856525,3525MX,1
6348,6348 - Leones (Nln),2020-04-23,71358,7.14,18.86,7365856525,4007MX,1
1231,VERACRUZ 3,2020-04-23,71359,1.71,5.29,7365856761,0366MX,3
1213,TUXTLA 5 ,2020-04-23,71360,3.635,16.365,7365856982,049KMX,1
1213,TUXTLA 5 ,2020-04-23,71360,3.635,16.365,7365856982,440NMX,1
1213,TUXTLA 5 ,2020-04-23,71360,3.635,16.365,7365856982,1473MX,3
4022,Santa Barbara (Bca),2020-04-23,71361,11.02,14.98,7365857354,0366MX,7
4022,Santa Barbara (Bca),2020-04-23,71361,11.02,14.98,7365857354,2648MX,4
4022,Santa Barbara (Bca),2020-04-23,71361,11.02,14.98,7365857354,1065MX,10
4022,Santa Barbara (Bca),2020-04-23,71361,11.02,14.98,7365857354,011KMX,1
4029,Palaco (Bca),2020-04-23,71362,1.95,18.05,7365857586,4008MX,3
4040,Galerias Valle (Bca),2020-04-23,71363,2.4,17.6,7365857785,2364MX,3
4040,Galerias Valle (Bca),2020-04-23,71363,2.4,17.6,7365857785,4001MX,3
5056,Plaza Sendero Mexicali,2020-04-23,71364,1.71,5.29,7365858172,0366MX,3
1111,CHILPANCINGO,2020-04-23,71365,2.8,17.2,7365858393,3150MX,14
1076,ZAMORA 3,2020-04-23,71366,6.93,19.07,7365858570,2631MX,2
1076,ZAMORA 3,2020-04-23,71366,6.93,19.07,7365858570,4002MX,9
1210,SAN CRISTOBAL DE LAS CASAS 2,2020-04-23,71367,1.91,24.09,7365858780,440NMX,2
1210,SAN CRISTOBAL DE LAS CASAS 2,2020-04-23,71367,1.91,24.09,7365858780,290NMX,2
1044,CORDOBA,2020-04-23,71368,24,3.5,7365859045,049KMX,2
1044,CORDOBA,2020-04-23,71368,24,3.5,7365859045,1065MX,15
1044,CORDOBA,2020-04-23,71368,24,3.5,7365859045,0064MX,8
1044,CORDOBA,2020-04-23,71368,24,3.5,7365859045,0065MX,10
1044,CORDOBA,2020-04-23,71368,24,3.5,7365859045,0370MX,8
1044,CORDOBA,2020-04-23,71368,24,3.5,7365859045,1841MX,3
1044,CORDOBA,2020-04-23,71368,24,3.5,7365859045,2131MX,14
1044,CORDOBA,2020-04-23,71368,24,3.5,7365859045,2631MX,17
1044,CORDOBA,2020-04-23,71368,24,3.5,7365859045,2648MX,6
1228,LAZARO CARDENAS,2020-04-23,71369,7.06,12.94,7365859270,0370MX,8
1228,LAZARO CARDENAS,2020-04-23,71369,7.06,12.94,7365859270,0940MX,7
1228,LAZARO CARDENAS,2020-04-23,71369,7.06,12.94,7365859270,1417MX,2
1027,CD. VICTORIA,2020-04-23,71370,0.09,6.91,7365859432,0064MX,3
1187,TULANCINGO,2020-04-23,71371,2.865,17.135,7365859804,290NMX,3
1187,TULANCINGO,2020-04-23,71371,2.865,17.135,7365859804,440NMX,3
1130,FRESNILLO,2020-04-23,71372,21.142,6.358,7365860003,0366MX,1
1130,FRESNILLO,2020-04-23,71372,21.142,6.358,7365860003,0032MX,1
1130,FRESNILLO,2020-04-23,71372,21.142,6.358,7365860003,0079MX,3
1130,FRESNILLO,2020-04-23,71372,21.142,6.358,7365860003,0565MX,8
1130,FRESNILLO,2020-04-23,71372,21.142,6.358,7365860003,0831MX,1
1130,FRESNILLO,2020-04-23,71372,21.142,6.358,7365860003,0964MX,2
1130,FRESNILLO,2020-04-23,71372,21.142,6.358,7365860003,1412MX,3
1130,FRESNILLO,2020-04-23,71372,21.142,6.358,7365860003,1428MX,7
1130,FRESNILLO,2020-04-23,71372,21.142,6.358,7365860003,1829MX,3
1130,FRESNILLO,2020-04-23,71372,21.142,6.358,7365860003,1841MX,8
1130,FRESNILLO,2020-04-23,71372,21.142,6.358,7365860003,2555MX,2
1130,FRESNILLO,2020-04-23,71372,21.142,6.358,7365860003,3115MX,3
1130,FRESNILLO,2020-04-23,71372,21.142,6.358,7365860003,3123MX,5
1130,FRESNILLO,2020-04-23,71372,21.142,6.358,7365860003,3146MX,20
1130,FRESNILLO,2020-04-23,71372,21.142,6.358,7365860003,0884MX,4
1130,FRESNILLO,2020-04-23,71372,21.142,6.358,7365860003,440NMX,1
4202,ZAPOPAN (JAL),2020-04-23,71373,8.625,17.375,7365860235,1061MX,7
4202,ZAPOPAN (JAL),2020-04-23,71373,8.625,17.375,7365860235,1829MX,7
4202,ZAPOPAN (JAL),2020-04-23,71373,8.625,17.375,7365860235,2631MX,15
6860,CHETUMAL CONST-47 (QTR),2020-04-23,71374,2.72,17.28,7365860504,0565MX,17
4207,IRAPUATO (GTO),2020-04-23,71375,4.775,22.725,7365860740,290NMX,5
4207,IRAPUATO (GTO),2020-04-23,71375,4.775,22.725,7365860740,440NMX,5
6702,Comalcalco Tabasco,2020-04-23,71376,34.56,0.44,7365861016,1610MX,64
6702,Comalcalco Tabasco,2020-04-23,71377,31.554,3.446,7365861193,0085MX,51
6702,Comalcalco Tabasco,2020-04-23,71377,31.554,3.446,7365861193,0370MX,5
6702,Comalcalco Tabasco,2020-04-23,71377,31.554,3.446,7365861193,0565MX,1
6702,Comalcalco Tabasco,2020-04-23,71377,31.554,3.446,7365861193,0831MX,3
6702,Comalcalco Tabasco,2020-04-23,71377,31.554,3.446,7365861193,0940MX,5
6702,Comalcalco Tabasco,2020-04-23,71377,31.554,3.446,7365861193,0963MX,13
6702,Comalcalco Tabasco,2020-04-23,71377,31.554,3.446,7365861193,0964MX,9
6702,Comalcalco Tabasco,2020-04-23,71377,31.554,3.446,7365861193,1019MX,22
6702,Comalcalco Tabasco,2020-04-23,71377,31.554,3.446,7365861193,1061MX,7
6702,Comalcalco Tabasco,2020-04-23,71377,31.554,3.446,7365861193,1065MX,7
6702,Comalcalco Tabasco,2020-04-23,71377,31.554,3.446,7365861193,1412MX,2
6702,Comalcalco Tabasco,2020-04-23,71377,31.554,3.446,7365861193,1473MX,1
6702,Comalcalco Tabasco,2020-04-23,71377,31.554,3.446,7365861193,1926MX,5
6702,Comalcalco Tabasco,2020-04-23,71378,26.95,8.05,4183861065,0366MX,4
6702,Comalcalco Tabasco,2020-04-23,71378,26.95,8.05,4183861065,049KMX,2
6702,Comalcalco Tabasco,2020-04-23,71378,26.95,8.05,4183861065,0039MX,1
6702,Comalcalco Tabasco,2020-04-23,71378,26.95,8.05,4183861065,0079MX,32
6702,Comalcalco Tabasco,2020-04-23,71378,26.95,8.05,4183861065,0085MX,233
6702,Comalcalco Tabasco,2020-04-23,71378,26.95,8.05,4183861065,0370MX,1
6702,Comalcalco Tabasco,2020-04-23,71379,24.8,10.2,7365874854,1926MX,28
6702,Comalcalco Tabasco,2020-04-23,71379,24.8,10.2,7365874854,2131MX,3
6702,Comalcalco Tabasco,2020-04-23,71379,24.8,10.2,7365874854,2631MX,9
6702,Comalcalco Tabasco,2020-04-23,71379,24.8,10.2,7365874854,2641MX,1
6702,Comalcalco Tabasco,2020-04-23,71379,24.8,10.2,7365874854,2864MX,8
6702,Comalcalco Tabasco,2020-04-23,71379,24.8,10.2,7365874854,3115MX,1
6702,Comalcalco Tabasco,2020-04-23,71379,24.8,10.2,7365874854,3119MX,12
6702,Comalcalco Tabasco,2020-04-23,71379,24.8,10.2,7365874854,3123MX,2
6702,Comalcalco Tabasco,2020-04-23,71379,24.8,10.2,7365874854,3146MX,17
6702,Comalcalco Tabasco,2020-04-23,71380,1.3,5.7,7365874854,0884MX,2
6702,Comalcalco Tabasco,2020-04-23,71381,24.19,10.81,7365878704,3146MX,14
6702,Comalcalco Tabasco,2020-04-23,71381,24.19,10.81,7365878704,3525MX,2
6702,Comalcalco Tabasco,2020-04-23,71381,24.19,10.81,7365878704,4000MX,31
6702,Comalcalco Tabasco,2020-04-23,71382,23.29,11.71,7365882020,4000MX,35
6702,Comalcalco Tabasco,2020-04-23,71382,23.29,11.71,7365882020,1610MX,1
6702,Comalcalco Tabasco,2020-04-23,71383,23.29,11.71,7365885516,4000MX,28
6702,Comalcalco Tabasco,2020-04-23,71383,23.29,11.71,7365885516,4001MX,2
6702,Comalcalco Tabasco,2020-04-23,71383,23.29,11.71,7365885516,4002MX,5
6702,Comalcalco Tabasco,2020-04-23,71383,23.29,11.71,7365885516,1610MX,1
1060,Cancun (Qtr),2020-04-23,71384,6.755,19.245,7365889436,3189MX,2
1060,Cancun (Qtr),2020-04-23,71384,6.755,19.245,7365889436,0085MX,11
1060,Cancun (Qtr),2020-04-23,71384,6.755,19.245,7365889436,1926MX,8
1060,Cancun (Qtr),2020-04-23,71384,6.755,19.245,7365889436,0884MX,3
1060,Cancun (Qtr),2020-04-23,71384,6.755,19.245,7365889436,0366MX,1
1060,Cancun (Qtr),2020-04-23,71384,6.755,19.245,7365889436,1829MX,1
1060,Cancun (Qtr),2020-04-23,71384,6.755,19.245,7365889436,2131MX,3
1162,Minatitlan (Ver),2020-04-23,71385,0.695,6.305,7365892553,1065MX,1
1162,Minatitlan (Ver),2020-04-23,71385,0.695,6.305,7365892553,1095MX,1
1162,Minatitlan (Ver),2020-04-23,71385,0.695,6.305,7365892553,1829MX,1
1368,Misantla (Ver),2020-04-23,71386,0.882,6.118,7365895832,0964MX,7
