6159,Perote,2020-02-20,61498,7.04,18.96,3779142592,2648MX,22
6153,Matehuala Centro,2020-02-20,61499,6.545,19.455,3779144040,2864MX,8
6153,Matehuala Centro,2020-02-20,61499,6.545,19.455,3779144040,049KMX,6
6153,Matehuala Centro,2020-02-20,61499,6.545,19.455,3779144040,440NMX,3
6164,Río Verde,2020-02-20,61500,5.082,20.918,3779146033,2374MX,4
6164,Río Verde,2020-02-20,61500,5.082,20.918,3779146033,0964MX,17
6164,Río Verde,2020-02-20,61500,5.082,20.918,3779146033,3100MX,8
6164,Río Verde,2020-02-20,61500,5.082,20.918,3779146033,3123MX,4
6164,Río Verde,2020-02-20,61500,5.082,20.918,3779146033,0085MX,12
6128,Acayucan Centro,2020-02-20,61501,1.96,5.04,3779147595,0565MX,4
6128,Acayucan Centro,2020-02-20,61501,1.96,5.04,3779147595,3146MX,3
6128,Acayucan Centro,2020-02-20,61501,1.96,5.04,3779147595,0922MX,9
6155,Jerez,2020-02-20,61502,0.945,6.055,3779149080,440NMX,7
6100,Minatitlán Centro,2020-02-20,61503,0.6,6.4,3779150211,3146MX,3
6116,Tecnológico Minatitlán,2020-02-20,61504,22.75,12.25,3779151456,4000MX,35
6116,Tecnológico Minatitlán,2020-02-20,61505,15.15,4.85,3779155995,4000MX,9
6116,Tecnológico Minatitlán,2020-02-20,61505,15.15,4.85,3779155995,3525MX,15
6090,Plaza Orizaba,2020-02-20,61506,3.99,16.01,3779156850,0366MX,7
6120,Plateros Fresnillo,2020-02-20,61507,7.8,18.2,3779157944,049KMX,12
6112,Cd. Valles,2020-02-20,61508,2.9,17.1,3779158751,3119MX,3
6112,Cd. Valles,2020-02-20,61508,2.9,17.1,3779158751,0370MX,7
6112,Cd. Valles,2020-02-20,61508,2.9,17.1,3779158751,0079MX,5
6112,Cd. Valles,2020-02-20,61508,2.9,17.1,3779158751,2131MX,7
6112,Cd. Valles,2020-02-20,61508,2.9,17.1,3779158751,1094MX,7
6067,Palmas Coatzacoalcos,2020-02-20,61509,11.88,14.12,3779160022,1019MX,22
6150,Puente Cazones Poza Rica,2020-02-20,61510,32.96,2.04,3779161116,1065MX,28
6150,Puente Cazones Poza Rica,2020-02-20,61510,32.96,2.04,3779161116,0922MX,34
6150,Puente Cazones Poza Rica,2020-02-20,61510,32.96,2.04,3779161116,1019MX,28
6156,Ruiz Cortinez Poza Rica,2020-02-20,61511,33.7,1.3,3779162752,0922MX,77
6156,Ruiz Cortinez Poza Rica,2020-02-20,61511,33.7,1.3,3779162752,2631MX,51
6129,Díaz Mirón,2020-02-20,61512,23.75,11.25,7118720700,0032MX,7
6129,Díaz Mirón,2020-02-20,61512,23.75,11.25,7118720700,0077MX,4
6129,Díaz Mirón,2020-02-20,61512,23.75,11.25,7118720700,0963MX,35
6129,Díaz Mirón,2020-02-20,61512,23.75,11.25,7118720700,1155MX,16
6129,Díaz Mirón,2020-02-20,61512,23.75,11.25,7118720700,1829MX,6
6129,Díaz Mirón,2020-02-20,61512,23.75,11.25,7118720700,1841MX,4
6129,Díaz Mirón,2020-02-20,61512,23.75,11.25,7118720700,1926MX,17
6129,Díaz Mirón,2020-02-20,61512,23.75,11.25,7118720700,2641MX,13
6129,Díaz Mirón,2020-02-20,61512,23.75,11.25,7118720700,3175MX,8
6129,Díaz Mirón,2020-02-20,61512,23.75,11.25,7118720700,044KMX,4
6129,Díaz Mirón,2020-02-20,61513,14.54,12.96,7118721072,3175MX,22
6129,Díaz Mirón,2020-02-20,61513,14.54,12.96,7118721072,044KMX,3
6055,De la Cruz,2020-02-20,61514,2.76,17.24,7118721536,1412MX,3
6061,Muñoz,2020-02-20,61515,18.77,8.73,7118721772,2364MX,4
6061,Muñoz,2020-02-20,61515,18.77,8.73,7118721772,0077MX,4
6061,Muñoz,2020-02-20,61515,18.77,8.73,7118721772,3100MX,12
6061,Muñoz,2020-02-20,61515,18.77,8.73,7118721772,049KMX,25
6095,Anaya,2020-02-20,61516,18.12,9.38,7118722122,0366MX,1
6095,Anaya,2020-02-20,61516,18.12,9.38,7118722122,0370MX,11
6095,Anaya,2020-02-20,61516,18.12,9.38,7118722122,1095MX,7
6095,Anaya,2020-02-20,61516,18.12,9.38,7118722122,3100MX,14
6095,Anaya,2020-02-20,61516,18.12,9.38,7118722122,3119MX,35
6095,Anaya,2020-02-20,61516,18.12,9.38,7118722122,044KMX,19
6063,Tlahuac,2020-02-20,61517,1.92,5.08,7118722461,0565MX,12
6052,Cuautla Centro,2020-02-20,61518,34.99,0.01,7118722936,0065MX,2
6052,Cuautla Centro,2020-02-20,61518,34.99,0.01,7118722936,0077MX,4
6052,Cuautla Centro,2020-02-20,61518,34.99,0.01,7118722936,0085MX,117
6052,Cuautla Centro,2020-02-20,61518,34.99,0.01,7118722936,0831MX,2
6052,Cuautla Centro,2020-02-20,61518,34.99,0.01,7118722936,0963MX,31
6052,Cuautla Centro,2020-02-20,61518,34.99,0.01,7118722936,1061MX,1
6052,Cuautla Centro,2020-02-20,61518,34.99,0.01,7118722936,1094MX,3
6052,Cuautla Centro,2020-02-20,61518,34.99,0.01,7118722936,1428MX,12
6052,Cuautla Centro,2020-02-20,61518,34.99,0.01,7118722936,1473MX,7
6052,Cuautla Centro,2020-02-20,61518,34.99,0.01,7118722936,1841MX,2
6052,Cuautla Centro,2020-02-20,61518,34.99,0.01,7118722936,2131MX,46
6052,Cuautla Centro,2020-02-20,61519,34.94,0.06,7118723146,2131MX,2
6052,Cuautla Centro,2020-02-20,61519,34.94,0.06,7118723146,2631MX,64
6052,Cuautla Centro,2020-02-20,61519,34.94,0.06,7118723146,3150MX,1
6052,Cuautla Centro,2020-02-20,61520,30.08,4.92,7118723533,2631MX,10
6052,Cuautla Centro,2020-02-20,61520,30.08,4.92,7118723533,2641MX,6
6052,Cuautla Centro,2020-02-20,61520,30.08,4.92,7118723533,2864MX,29
6052,Cuautla Centro,2020-02-20,61520,30.08,4.92,7118723533,3119MX,7
6052,Cuautla Centro,2020-02-20,61520,30.08,4.92,7118723533,3525MX,7
6052,Cuautla Centro,2020-02-20,61520,30.08,4.92,7118723533,4002MX,2
6052,Cuautla Centro,2020-02-20,61520,30.08,4.92,7118723533,1610MX,10
6052,Cuautla Centro,2020-02-20,61521,12.42,13.58,7118723710,1610MX,23
6010,Azcapotzalco,2020-02-20,61522,8.56,17.44,7118723975,3100MX,7
6010,Azcapotzalco,2020-02-20,61522,8.56,17.44,7118723975,1094MX,7
6010,Azcapotzalco,2020-02-20,61522,8.56,17.44,7118723975,3123MX,3
6010,Azcapotzalco,2020-02-20,61522,8.56,17.44,7118723975,4004MX,11
6048,Cuauhtemoc Benito Juárez,2020-02-20,61523,3.63,16.37,7118724325,0032MX,2
6048,Cuauhtemoc Benito Juárez,2020-02-20,61523,3.63,16.37,7118724325,0364MX,3
6048,Cuauhtemoc Benito Juárez,2020-02-20,61523,3.63,16.37,7118724325,1412MX,2
6114,Palo Solo Huixquilucan,2020-02-20,61524,11.84,14.16,7118724605,3100MX,8
6114,Palo Solo Huixquilucan,2020-02-20,61524,11.84,14.16,7118724605,1065MX,20
6056,Villa Nicolás Romero,2020-02-20,61525,34.805,0.195,7118724922,2374MX,3
6056,Villa Nicolás Romero,2020-02-20,61525,34.805,0.195,7118724922,0565MX,10
6056,Villa Nicolás Romero,2020-02-20,61525,34.805,0.195,7118724922,0831MX,5
6056,Villa Nicolás Romero,2020-02-20,61525,34.805,0.195,7118724922,1065MX,19
6056,Villa Nicolás Romero,2020-02-20,61525,34.805,0.195,7118724922,1094MX,3
6056,Villa Nicolás Romero,2020-02-20,61525,34.805,0.195,7118724922,1841MX,5
6056,Villa Nicolás Romero,2020-02-20,61525,34.805,0.195,7118724922,2131MX,17
6056,Villa Nicolás Romero,2020-02-20,61525,34.805,0.195,7118724922,2631MX,26
6056,Villa Nicolás Romero,2020-02-20,61525,34.805,0.195,7118724922,3119MX,11
6056,Villa Nicolás Romero,2020-02-20,61525,34.805,0.195,7118724922,0884MX,1
6056,Villa Nicolás Romero,2020-02-20,61526,5.85,20.15,7118725515,0884MX,9
6041,Magnolias Tultitlán,2020-02-20,61527,10.88,16.62,7118725810,1926MX,4
6041,Magnolias Tultitlán,2020-02-20,61527,10.88,16.62,7118725810,2648MX,30
6611,Apatzingan,2020-02-20,61528,7.15,18.85,7118726311,049KMX,11
6624,Los Reyes Centro,2020-02-20,61529,2.56,17.44,7118726661,1417MX,2
6624,Los Reyes Centro,2020-02-20,61529,2.56,17.44,7118726661,440NMX,4
6104,Zacapu,2020-02-20,61530,0.405,6.595,7118726974,440NMX,3
6047,Temixco,2020-02-20,61531,22.75,12.25,7118727350,3175MX,35
6047,Temixco,2020-02-20,61532,22.75,12.25,7118727685,3175MX,35
6047,Temixco,2020-02-20,61533,11.05,8.95,7118728094,3175MX,17
6065,Romero Rubio Cuautitlán,2020-02-20,61534,34.98,0.02,7118728256,1065MX,2
6065,Romero Rubio Cuautitlán,2020-02-20,61534,34.98,0.02,7118728256,1412MX,6
6065,Romero Rubio Cuautitlán,2020-02-20,61534,34.98,0.02,7118728256,1841MX,2
6065,Romero Rubio Cuautitlán,2020-02-20,61534,34.98,0.02,7118728256,2131MX,42
6065,Romero Rubio Cuautitlán,2020-02-20,61534,34.98,0.02,7118728256,2631MX,44
6065,Romero Rubio Cuautitlán,2020-02-20,61534,34.98,0.02,7118728256,2648MX,1
6065,Romero Rubio Cuautitlán,2020-02-20,61534,34.98,0.02,7118728256,0032MX,4
6065,Romero Rubio Cuautitlán,2020-02-20,61535,34.97,0.03,7118728514,0085MX,33
6065,Romero Rubio Cuautitlán,2020-02-20,61535,34.97,0.03,7118728514,0831MX,4
6065,Romero Rubio Cuautitlán,2020-02-20,61535,34.97,0.03,7118728514,0922MX,34
6065,Romero Rubio Cuautitlán,2020-02-20,61535,34.97,0.03,7118728514,0963MX,40
6065,Romero Rubio Cuautitlán,2020-02-20,61535,34.97,0.03,7118728514,1019MX,46
6065,Romero Rubio Cuautitlán,2020-02-20,61535,34.97,0.03,7118728514,1061MX,6
6065,Romero Rubio Cuautitlán,2020-02-20,61536,34.96,0.04,7118728831,1019MX,16
6065,Romero Rubio Cuautitlán,2020-02-20,61536,34.96,0.04,7118728831,1065MX,48
6065,Romero Rubio Cuautitlán,2020-02-20,61536,34.96,0.04,7118728831,1841MX,2
6065,Romero Rubio Cuautitlán,2020-02-20,61536,34.96,0.04,7118728831,0032MX,1
6065,Romero Rubio Cuautitlán,2020-02-20,61537,24.79,10.21,7118729144,3119MX,48
6065,Romero Rubio Cuautitlán,2020-02-20,61537,24.79,10.21,7118729144,3525MX,4
6065,Romero Rubio Cuautitlán,2020-02-20,61537,24.79,10.21,7118729144,0085MX,55
6065,Romero Rubio Cuautitlán,2020-02-20,61537,24.79,10.21,7118729144,1061MX,2
6065,Romero Rubio Cuautitlán,2020-02-20,61538,24.38,10.62,7118729586,2631MX,12
6065,Romero Rubio Cuautitlán,2020-02-20,61538,24.38,10.62,7118729586,2648MX,34
6065,Romero Rubio Cuautitlán,2020-02-20,61538,24.38,10.62,7118729586,2864MX,1
6065,Romero Rubio Cuautitlán,2020-02-20,61538,24.38,10.62,7118729586,4000MX,7
6065,Romero Rubio Cuautitlán,2020-02-20,61538,24.38,10.62,7118729586,4001MX,3
6065,Romero Rubio Cuautitlán,2020-02-20,61538,24.38,10.62,7118729586,0032MX,6
6065,Romero Rubio Cuautitlán,2020-02-20,61539,3.25,16.75,7118729881,4001MX,5
6016,Multiplaza San Juan Neza,2020-02-20,61540,34.81,0.19,7118730426,0032MX,13
6016,Multiplaza San Juan Neza,2020-02-20,61540,34.81,0.19,7118730426,0064MX,8
6016,Multiplaza San Juan Neza,2020-02-20,61540,34.81,0.19,7118730426,0364MX,1
6016,Multiplaza San Juan Neza,2020-02-20,61540,34.81,0.19,7118730426,0565MX,10
6016,Multiplaza San Juan Neza,2020-02-20,61540,34.81,0.19,7118730426,1829MX,10
6016,Multiplaza San Juan Neza,2020-02-20,61540,34.81,0.19,7118730426,1841MX,12
6016,Multiplaza San Juan Neza,2020-02-20,61540,34.81,0.19,7118730426,2364MX,5
6016,Multiplaza San Juan Neza,2020-02-20,61540,34.81,0.19,7118730426,2631MX,53
6016,Multiplaza San Juan Neza,2020-02-20,61541,24.29,10.71,7118730721,2631MX,11
6016,Multiplaza San Juan Neza,2020-02-20,61541,24.29,10.71,7118730721,2864MX,40
6016,Multiplaza San Juan Neza,2020-02-20,61541,24.29,10.71,7118730721,4002MX,11
6016,Multiplaza San Juan Neza,2020-02-20,61542,14.3,13.2,7118731023,4002MX,22
6138,Texcoco Bravo,2020-02-20,61543,3.25,16.75,7118731281,049KMX,5
6015,Cine Hidalgo Tlalnepantla,2020-02-20,61544,7.12,18.88,7118731524,0065MX,4
6015,Cine Hidalgo Tlalnepantla,2020-02-20,61544,7.12,18.88,7118731524,0370MX,4
6015,Cine Hidalgo Tlalnepantla,2020-02-20,61544,7.12,18.88,7118731524,2131MX,8
6015,Cine Hidalgo Tlalnepantla,2020-02-20,61544,7.12,18.88,7118731524,3119MX,1
6015,Cine Hidalgo Tlalnepantla,2020-02-20,61544,7.12,18.88,7118731524,1019MX,10
6042,San Angel Alvaro Obregón,2020-02-20,61545,13.34,14.16,7118731793,0370MX,22
6042,San Angel Alvaro Obregón,2020-02-20,61545,13.34,14.16,7118731793,3525MX,2
6042,San Angel Alvaro Obregón,2020-02-20,61545,13.34,14.16,7118731793,0065MX,7
6042,San Angel Alvaro Obregón,2020-02-20,61545,13.34,14.16,7118731793,0364MX,3
6042,San Angel Alvaro Obregón,2020-02-20,61545,13.34,14.16,7118731793,0831MX,10
6042,San Angel Alvaro Obregón,2020-02-20,61545,13.34,14.16,7118731793,1926MX,17
6042,San Angel Alvaro Obregón,2020-02-20,61545,13.34,14.16,7118731793,0079MX,4
6096,División del Norte,2020-02-20,61546,3.25,16.75,7118732073,4000MX,5
6167,Eje 10 Coyoacán,2020-02-20,61547,6.1,19.9,7118732316,3525MX,5
6167,Eje 10 Coyoacán,2020-02-20,61547,6.1,19.9,7118732316,2641MX,6
6123,Balderas Cuauhtémoc,2020-02-20,61548,12,14,3779164406,1188MX,6
6008,Misterios Vallejo,2020-02-20,61549,23.835,11.165,7118733123,3119MX,34
6008,Misterios Vallejo,2020-02-20,61549,23.835,11.165,7118733123,0032MX,7
6008,Misterios Vallejo,2020-02-20,61549,23.835,11.165,7118733123,0065MX,11
6008,Misterios Vallejo,2020-02-20,61549,23.835,11.165,7118733123,0079MX,5
6008,Misterios Vallejo,2020-02-20,61549,23.835,11.165,7118733123,1094MX,9
6008,Misterios Vallejo,2020-02-20,61549,23.835,11.165,7118733123,1155MX,10
6008,Misterios Vallejo,2020-02-20,61549,23.835,11.165,7118733123,1841MX,13
6008,Misterios Vallejo,2020-02-20,61549,23.835,11.165,7118733123,2364MX,5
6008,Misterios Vallejo,2020-02-20,61549,23.835,11.165,7118733123,2374MX,9
6008,Misterios Vallejo,2020-02-20,61549,23.835,11.165,7118733123,2648MX,12
6008,Misterios Vallejo,2020-02-20,61550,5.12,20.88,7118733403,2648MX,16
6101,Aragón,2020-02-20,61551,0.78,6.22,7118733775,0370MX,6
6101,Aragón,2020-02-20,61551,0.78,6.22,7118733775,1095MX,3
6022,Atlalilco,2020-02-20,61552,4.05,15.95,7118734136,1155MX,10
6022,Atlalilco,2020-02-20,61552,4.05,15.95,7118734136,1473MX,3
6037,La Viga Iztapalapa,2020-02-20,61553,23.46,11.54,7118734475,0085MX,44
6037,La Viga Iztapalapa,2020-02-20,61553,23.46,11.54,7118734475,3175MX,17
6037,La Viga Iztapalapa,2020-02-20,61553,23.46,11.54,7118734475,4000MX,13
6037,La Viga Iztapalapa,2020-02-20,61554,11.7,8.3,7118734910,4000MX,18
6053,Tezontle,2020-02-20,61555,25.62,1.88,7118735186,0370MX,13
6053,Tezontle,2020-02-20,61555,25.62,1.88,7118735186,1412MX,5
6053,Tezontle,2020-02-20,61555,25.62,1.88,7118735186,1841MX,12
6053,Tezontle,2020-02-20,61555,25.62,1.88,7118735186,4000MX,3
6053,Tezontle,2020-02-20,61555,25.62,1.88,7118735186,4007MX,16
6028,Acoxpa,2020-02-20,61556,8.71,17.29,7118735503,1829MX,2
6028,Acoxpa,2020-02-20,61556,8.71,17.29,7118735503,2631MX,16
6031,Atlacomulco,2020-02-20,61557,7.15,18.85,7118735805,3175MX,6
6031,Atlacomulco,2020-02-20,61557,7.15,18.85,7118735805,049KMX,5
6003,Plaza Aragón Ecatepec,2020-02-20,61558,34.98,0.02,7118736262,2631MX,62
6003,Plaza Aragón Ecatepec,2020-02-20,61558,34.98,0.02,7118736262,2641MX,3
6003,Plaza Aragón Ecatepec,2020-02-20,61559,34.88,0.12,7118736590,1019MX,64
6003,Plaza Aragón Ecatepec,2020-02-20,61559,34.88,0.12,7118736590,2648MX,1
6003,Plaza Aragón Ecatepec,2020-02-20,61560,34.88,0.12,7118736936,1065MX,62
6003,Plaza Aragón Ecatepec,2020-02-20,61560,34.88,0.12,7118736936,2631MX,2
6003,Plaza Aragón Ecatepec,2020-02-20,61560,34.88,0.12,7118736936,2648MX,1
6003,Plaza Aragón Ecatepec,2020-02-20,61561,34.64,0.36,7118737360,0831MX,4
6003,Plaza Aragón Ecatepec,2020-02-20,61561,34.64,0.36,7118737360,0565MX,6
6003,Plaza Aragón Ecatepec,2020-02-20,61561,34.64,0.36,7118737360,0085MX,96
6003,Plaza Aragón Ecatepec,2020-02-20,61561,34.64,0.36,7118737360,0922MX,50
6003,Plaza Aragón Ecatepec,2020-02-20,61561,34.64,0.36,7118737360,0940MX,11
6003,Plaza Aragón Ecatepec,2020-02-20,61561,34.64,0.36,7118737360,4007MX,13
6003,Plaza Aragón Ecatepec,2020-02-20,61562,29.4,5.6,7118737603,0940MX,25
6003,Plaza Aragón Ecatepec,2020-02-20,61562,29.4,5.6,7118737603,1019MX,10
6003,Plaza Aragón Ecatepec,2020-02-20,61562,29.4,5.6,7118737603,4007MX,8
6003,Plaza Aragón Ecatepec,2020-02-20,61563,24.59,10.41,7118737861,2641MX,12
6003,Plaza Aragón Ecatepec,2020-02-20,61563,24.59,10.41,7118737861,2648MX,30
6003,Plaza Aragón Ecatepec,2020-02-20,61563,24.59,10.41,7118737861,2864MX,3
6003,Plaza Aragón Ecatepec,2020-02-20,61563,24.59,10.41,7118737861,3525MX,10
6003,Plaza Aragón Ecatepec,2020-02-20,61563,24.59,10.41,7118737861,4000MX,3
6003,Plaza Aragón Ecatepec,2020-02-20,61564,22.75,12.25,7118738141,4000MX,35
6003,Plaza Aragón Ecatepec,2020-02-20,61565,22.75,12.25,7118738454,4000MX,33
6003,Plaza Aragón Ecatepec,2020-02-20,61565,22.75,12.25,7118738454,4001MX,2
6003,Plaza Aragón Ecatepec,2020-02-20,61566,22.75,12.25,7118738745,4001MX,14
6003,Plaza Aragón Ecatepec,2020-02-20,61566,22.75,12.25,7118738745,4004MX,20
6003,Plaza Aragón Ecatepec,2020-02-20,61566,22.75,12.25,7118738745,4008MX,1
6003,Plaza Aragón Ecatepec,2020-02-20,61567,7.15,18.85,7118739014,4008MX,11
6077,Obelisco Morelia,2020-02-20,61568,18.38,9.12,7118739471,0364MX,8
6077,Obelisco Morelia,2020-02-20,61568,18.38,9.12,7118739471,0922MX,59
6077,Obelisco Morelia,2020-02-20,61568,18.38,9.12,7118739471,3175MX,14
6149,Morelos Morelia,2020-02-20,61569,8.728,17.272,7118739891,2374MX,6
6149,Morelos Morelia,2020-02-20,61569,8.728,17.272,7118739891,0963MX,11
6149,Morelos Morelia,2020-02-20,61569,8.728,17.272,7118739891,0964MX,8
6149,Morelos Morelia,2020-02-20,61569,8.728,17.272,7118739891,1019MX,4
6149,Morelos Morelia,2020-02-20,61569,8.728,17.272,7118739891,1155MX,10
6149,Morelos Morelia,2020-02-20,61569,8.728,17.272,7118739891,2364MX,4
6149,Morelos Morelia,2020-02-20,61569,8.728,17.272,7118739891,3100MX,5
6149,Morelos Morelia,2020-02-20,61569,8.728,17.272,7118739891,049KMX,2
6621,Uruapan,2020-02-20,61570,3.24,16.76,7118740204,1926MX,2
6621,Uruapan,2020-02-20,61570,3.24,16.76,7118740204,049KMX,4
6082,Jardinada Zamora,2020-02-20,61571,7.24,12.76,7118740510,3119MX,14
6082,Jardinada Zamora,2020-02-20,61571,7.24,12.76,7118740510,3123MX,2
6082,Jardinada Zamora,2020-02-20,61571,7.24,12.76,7118740510,011KMX,6
6078,San Marcos Cuautitlán Izcalli,2020-02-20,61572,0.54,6.46,7118740845,1841MX,3
6119,Plaza Octagón Cuautitlán Izcalli,2020-02-20,61573,2.24,17.76,7118741044,1926MX,7
6029,Cuatro Caminos Naucalpan,2020-02-20,61574,23.8,11.2,7118741464,0032MX,1
6029,Cuatro Caminos Naucalpan,2020-02-20,61574,23.8,11.2,7118741464,0370MX,5
6029,Cuatro Caminos Naucalpan,2020-02-20,61574,23.8,11.2,7118741464,0565MX,4
6029,Cuatro Caminos Naucalpan,2020-02-20,61574,23.8,11.2,7118741464,2131MX,13
6029,Cuatro Caminos Naucalpan,2020-02-20,61574,23.8,11.2,7118741464,3119MX,26
6029,Cuatro Caminos Naucalpan,2020-02-20,61574,23.8,11.2,7118741464,4000MX,18
6029,Cuatro Caminos Naucalpan,2020-02-20,61574,23.8,11.2,7118741464,1019MX,1
6029,Cuatro Caminos Naucalpan,2020-02-20,61575,13.94,12.06,7118741700,4000MX,4
6029,Cuatro Caminos Naucalpan,2020-02-20,61575,13.94,12.06,7118741700,1019MX,21
6087,Echegaray Naucalpan,2020-02-20,61576,0.2,6.8,7118742050,0032MX,5
6122,Naucalpan Centro,2020-02-20,61577,0.49,6.51,7118742551,0370MX,7
6034,Lopez Mateos Toluca,2020-02-20,61578,2.96,17.04,7118743063,2864MX,8
6034,Lopez Mateos Toluca,2020-02-20,61578,2.96,17.04,7118743063,0922MX,9
6032,Gobernadores Cuernavaca,2020-02-20,61579,0.48,6.52,7118743343,044KMX,6
6088,Cuernavaca Centro,2020-02-20,61580,24.32,3.18,7118743645,3119MX,9
6088,Cuernavaca Centro,2020-02-20,61580,24.32,3.18,7118743645,3525MX,34
6088,Cuernavaca Centro,2020-02-20,61581,21.418,13.582,7118743925,0565MX,11
6088,Cuernavaca Centro,2020-02-20,61581,21.418,13.582,7118743925,0831MX,10
6088,Cuernavaca Centro,2020-02-20,61581,21.418,13.582,7118743925,0964MX,13
6088,Cuernavaca Centro,2020-02-20,61581,21.418,13.582,7118743925,1926MX,26
6088,Cuernavaca Centro,2020-02-20,61581,21.418,13.582,7118743925,3119MX,20
6102,Sur Morelos,2020-02-20,61582,4.55,22.95,7118744312,011KMX,13
6354,Ramos Arizpe,2020-02-20,61583,3.15,16.85,7118744706,1095MX,2
6354,Ramos Arizpe,2020-02-20,61583,3.15,16.85,7118744706,3119MX,6
6354,Ramos Arizpe,2020-02-20,61583,3.15,16.85,7118744706,3123MX,2
6354,Ramos Arizpe,2020-02-20,61583,3.15,16.85,7118744706,049KMX,1
6342,Sabinas,2020-02-20,61584,5.85,20.15,7118745023,3175MX,9
6632,Tecoman,2020-02-20,61585,1.71,5.29,7118745421,0366MX,3
6610,Villa de Alvarez,2020-02-20,61586,5.65,20.35,7118745841,2364MX,3
6610,Villa de Alvarez,2020-02-20,61586,5.65,20.35,7118745841,3176MX,8
6604,Sevilla,2020-02-20,61587,2.28,17.72,7118746224,1155MX,19
6603,Manzanillo Centro,2020-02-20,61588,5.85,20.15,7118746740,049KMX,9
6634,Salahua Manzanillo,2020-02-20,61589,0.21,6.79,7118747042,1829MX,6
6319,Pape Monclova,2020-02-20,61590,2.31,17.69,7118747370,0370MX,33
6320,Echeverria Saltillo,2020-02-20,61591,0.28,6.72,7118747635,0370MX,4
6324,Saltillo Centro,2020-02-20,61592,2.6,17.4,7118748136,049KMX,4
6308,TrianaTorreón,2020-02-20,61593,0.96,6.04,7118748416,044KMX,12
6317,Independencia Torreón (COAH),2020-02-20,61594,1.95,18.05,7118748733,049KMX,3
6341,Durango Centro (DGO),2020-02-20,61595,0.16,6.84,7118748980,0032MX,4
6344,Madero Durango (DGO),2020-02-20,61596,16.25,11.25,7118749201,3175MX,25
6350,20 de Noviembre Durango (DGO),2020-02-20,61597,0.49,6.51,7118749610,0370MX,7
6323,Centro Gómez Palacio (DGO),2020-02-20,61598,0.405,6.595,7118750166,440NMX,3
6349,Miguel Aleman Gómez Palacio (DGO),2020-02-20,61599,2.9,17.1,7118750435,049KMX,4
6349,Miguel Aleman Gómez Palacio (DGO),2020-02-20,61599,2.9,17.1,7118750435,2364MX,2
6081,San Luis de la Paz (GTO),2020-02-20,61600,4.32,21.68,7118750726,3119MX,12
6513,Acambaro (GTO),2020-02-20,61601,1.6,5.4,7118751006,0963MX,13
6513,Acambaro (GTO),2020-02-20,61601,1.6,5.4,7118751006,0922MX,7
6514,Moroleón (GTO),2020-02-20,61602,2.55,17.45,7118751463,3150MX,3
6514,Moroleón (GTO),2020-02-20,61602,2.55,17.45,7118751463,049KMX,3
6509,Valle de Santiago (GTO),2020-02-20,61603,5.52,20.48,7118751931,1412MX,6
6054,Chilpancingo (GRO),2020-02-20,61604,3.72,16.28,7118752233,3525MX,6
6069,Zihuatanejo Centro (GRO),2020-02-20,61605,3.25,16.75,7118752502,049KMX,5
6079,Juarez Celaya Centro (GTO),2020-02-20,61606,27.43,0.07,7118752863,4000MX,4
6079,Juarez Celaya Centro (GTO),2020-02-20,61606,27.43,0.07,7118752863,3525MX,2
6079,Juarez Celaya Centro (GTO),2020-02-20,61606,27.43,0.07,7118752863,0065MX,7
6079,Juarez Celaya Centro (GTO),2020-02-20,61606,27.43,0.07,7118752863,0963MX,35
6079,Juarez Celaya Centro (GTO),2020-02-20,61606,27.43,0.07,7118752863,1065MX,34
6079,Juarez Celaya Centro (GTO),2020-02-20,61606,27.43,0.07,7118752863,3123MX,4
6079,Juarez Celaya Centro (GTO),2020-02-20,61606,27.43,0.07,7118752863,0565MX,10
6079,Juarez Celaya Centro (GTO),2020-02-20,61607,23.16,11.84,7118753294,4000MX,35
6079,Juarez Celaya Centro (GTO),2020-02-20,61607,23.16,11.84,7118753294,0065MX,4
6079,Juarez Celaya Centro (GTO),2020-02-20,61607,23.16,11.84,7118753294,3123MX,1
6079,Juarez Celaya Centro (GTO),2020-02-20,61608,21.905,13.095,7118753751,3100MX,11
6079,Juarez Celaya Centro (GTO),2020-02-20,61608,21.905,13.095,7118753751,0077MX,4
6079,Juarez Celaya Centro (GTO),2020-02-20,61608,21.905,13.095,7118753751,1926MX,32
6079,Juarez Celaya Centro (GTO),2020-02-20,61608,21.905,13.095,7118753751,4000MX,15
6079,Juarez Celaya Centro (GTO),2020-02-20,61608,21.905,13.095,7118753751,0065MX,1
6079,Juarez Celaya Centro (GTO),2020-02-20,61608,21.905,13.095,7118753751,1829MX,1
6110,Iguala (GRO),2020-02-20,61609,23.76,11.24,7118754160,0085MX,44
6110,Iguala (GRO),2020-02-20,61609,23.76,11.24,7118754160,1473MX,1
6110,Iguala (GRO),2020-02-20,61609,23.76,11.24,7118754160,3175MX,29
6110,Iguala (GRO),2020-02-20,61610,17.19,10.31,7118754576,3175MX,2
6110,Iguala (GRO),2020-02-20,61610,17.19,10.31,7118754576,3189MX,3
6110,Iguala (GRO),2020-02-20,61610,17.19,10.31,7118754576,3525MX,2
6110,Iguala (GRO),2020-02-20,61610,17.19,10.31,7118754576,2864MX,4
6110,Iguala (GRO),2020-02-20,61610,17.19,10.31,7118754576,3119MX,36
6507,San Francisco del Rincón (GTO),2020-02-20,61611,1.95,18.05,7118754930,049KMX,3
6510,Estadio Irapuato (GTO),2020-02-20,61612,8.45,17.55,7118755210,049KMX,13
6506,Cervantes León (GTO),2020-02-20,61613,20.1,7.4,7118755545,1065MX,20
6506,Cervantes León (GTO),2020-02-20,61613,20.1,7.4,7118755545,1155MX,13
6506,Cervantes León (GTO),2020-02-20,61613,20.1,7.4,7118755545,3119MX,8
6506,Cervantes León (GTO),2020-02-20,61613,20.1,7.4,7118755545,1610MX,9
6044,Acapulco Centro (GRO),2020-02-20,61614,25.24,9.76,7118756002,1412MX,1
6044,Acapulco Centro (GRO),2020-02-20,61614,25.24,9.76,7118756002,2864MX,47
6044,Acapulco Centro (GRO),2020-02-20,61614,25.24,9.76,7118756002,3525MX,18
6044,Acapulco Centro (GRO),2020-02-20,61615,24.91,10.09,7118756304,0364MX,17
6044,Acapulco Centro (GRO),2020-02-20,61615,24.91,10.09,7118756304,0370MX,18
6044,Acapulco Centro (GRO),2020-02-20,61615,24.91,10.09,7118756304,0565MX,10
6044,Acapulco Centro (GRO),2020-02-20,61615,24.91,10.09,7118756304,0831MX,24
6044,Acapulco Centro (GRO),2020-02-20,61615,24.91,10.09,7118756304,0922MX,30
6044,Acapulco Centro (GRO),2020-02-20,61615,24.91,10.09,7118756304,1412MX,4
6044,Acapulco Centro (GRO),2020-02-20,61615,24.91,10.09,7118756304,2864MX,1
6044,Acapulco Centro (GRO),2020-02-20,61616,24.18,3.32,7118756610,3525MX,39
6064,Renacimiento Acapulco (GRO),2020-02-20,61617,2.745,17.255,7118757074,0366MX,2
6064,Renacimiento Acapulco (GRO),2020-02-20,61617,2.745,17.255,7118757074,0831MX,1
6064,Renacimiento Acapulco (GRO),2020-02-20,61617,2.745,17.255,7118757074,2374MX,1
6064,Renacimiento Acapulco (GRO),2020-02-20,61617,2.745,17.255,7118757074,0922MX,15
6139,Actopan (HGO),2020-02-20,61618,2.77,17.23,7118757693,1094MX,1
6139,Actopan (HGO),2020-02-20,61618,2.77,17.23,7118757693,0366MX,1
6139,Actopan (HGO),2020-02-20,61618,2.77,17.23,7118757693,2792MX,4
6139,Actopan (HGO),2020-02-20,61618,2.77,17.23,7118757693,3123MX,7
6163,Huejutla (HGO),2020-02-20,61619,5.28,20.72,7118758006,0039MX,9
6163,Huejutla (HGO),2020-02-20,61619,5.28,20.72,7118758006,0065MX,13
6163,Huejutla (HGO),2020-02-20,61619,5.28,20.72,7118758006,3115MX,9
6163,Huejutla (HGO),2020-02-20,61619,5.28,20.72,7118758006,049KMX,3
6160,Izucar de Matamoros (PUE),2020-02-20,61620,4.48,21.52,7118758242,3146MX,10
6160,Izucar de Matamoros (PUE),2020-02-20,61620,4.48,21.52,7118758242,044KMX,31
6620,Guamuchil (SIN),2020-02-20,61621,0.35,6.65,7118758662,0370MX,5
5204,Río Bravo Tamaulipas (TAMS),2020-02-20,61622,1.95,18.05,7118759056,049KMX,3
6606,Ocotlán (JAL),2020-02-20,61623,7.72,18.28,7118759314,0065MX,1
6606,Ocotlán (JAL),2020-02-20,61623,7.72,18.28,7118759314,0077MX,3
6606,Ocotlán (JAL),2020-02-20,61623,7.72,18.28,7118759314,3119MX,6
6606,Ocotlán (JAL),2020-02-20,61623,7.72,18.28,7118759314,049KMX,8
6035,Mayorazgo (PUE),2020-02-20,61624,11.32,8.68,7118759616,0039MX,14
6035,Mayorazgo (PUE),2020-02-20,61624,11.32,8.68,7118759616,0364MX,2
6035,Mayorazgo (PUE),2020-02-20,61624,11.32,8.68,7118759616,0964MX,45
6035,Mayorazgo (PUE),2020-02-20,61624,11.32,8.68,7118759616,4001MX,5
6038,11 Norte (PUE),2020-02-20,61625,12.135,7.865,7118759944,2374MX,9
6038,11 Norte (PUE),2020-02-20,61625,12.135,7.865,7118759944,1841MX,6
6038,11 Norte (PUE),2020-02-20,61625,12.135,7.865,7118759944,2864MX,19
6038,11 Norte (PUE),2020-02-20,61625,12.135,7.865,7118759944,3525MX,7
6099,Agua Azul (PUE),2020-02-20,61626,19.71,0.29,7118760320,0039MX,7
6099,Agua Azul (PUE),2020-02-20,61626,19.71,0.29,7118760320,1019MX,26
6099,Agua Azul (PUE),2020-02-20,61626,19.71,0.29,7118760320,3119MX,14
6619,Guasave  (SIN),2020-02-20,61627,1.64,5.36,7118760611,0922MX,18
6619,Guasave  (SIN),2020-02-20,61627,1.64,5.36,7118760611,3146MX,1
6820,CD Deportiva Villahemosa,2020-02-20,61628,34.96,0.04,7118761171,2631MX,16
6820,CD Deportiva Villahemosa,2020-02-20,61628,34.96,0.04,7118761171,2641MX,17
6820,CD Deportiva Villahemosa,2020-02-20,61628,34.96,0.04,7118761171,1610MX,33
6820,CD Deportiva Villahemosa,2020-02-20,61629,34.56,0.44,7118761521,0366MX,9
6820,CD Deportiva Villahemosa,2020-02-20,61629,34.56,0.44,7118761521,2131MX,45
6820,CD Deportiva Villahemosa,2020-02-20,61629,34.56,0.44,7118761521,2631MX,47
6820,CD Deportiva Villahemosa,2020-02-20,61630,4.32,15.68,7118761856,1610MX,8
6334,Centro Altamira (TAMS),2020-02-20,61631,2.14,17.86,7118762195,0370MX,11
6334,Centro Altamira (TAMS),2020-02-20,61631,2.14,17.86,7118762195,044KMX,9
6334,Centro Altamira (TAMS),2020-02-20,61631,2.14,17.86,7118762195,049KMX,1
6618,Colón Guadalajara(JAL),2020-02-20,61632,13.56,13.94,7118762490,049KMX,12
6618,Colón Guadalajara(JAL),2020-02-20,61632,13.56,13.94,7118762490,3119MX,16
6609,Tlaquepaque Guadalajara(JAL),2020-02-20,61633,23.32,11.68,7118762722,049KMX,15
6609,Tlaquepaque Guadalajara(JAL),2020-02-20,61633,23.32,11.68,7118762722,0064MX,3
6609,Tlaquepaque Guadalajara(JAL),2020-02-20,61633,23.32,11.68,7118762722,0077MX,3
6609,Tlaquepaque Guadalajara(JAL),2020-02-20,61633,23.32,11.68,7118762722,0922MX,14
6609,Tlaquepaque Guadalajara(JAL),2020-02-20,61633,23.32,11.68,7118762722,3100MX,8
6609,Tlaquepaque Guadalajara(JAL),2020-02-20,61633,23.32,11.68,7118762722,4000MX,17
6609,Tlaquepaque Guadalajara(JAL),2020-02-20,61634,16.9,10.6,7118762976,4000MX,26
6626,Plaza Nilo Guadalajara (JAL),2020-02-20,61635,1.66,18.34,7118763374,049KMX,2
6626,Plaza Nilo Guadalajara (JAL),2020-02-20,61635,1.66,18.34,7118763374,1095MX,3
6628,Cruz del Sur Guadalajara (JAL),2020-02-20,61636,3.78,22.22,7118763746,049KMX,2
6628,Cruz del Sur Guadalajara (JAL),2020-02-20,61636,3.78,22.22,7118763746,0922MX,10
6628,Cruz del Sur Guadalajara (JAL),2020-02-20,61636,3.78,22.22,7118763746,2864MX,6
6605,Cordilleras Guadalajara (JAL),2020-02-20,61637,10.8,15.2,7118764026,2631MX,14
6605,Cordilleras Guadalajara (JAL),2020-02-20,61637,10.8,15.2,7118764026,3119MX,9
6325,Solidaridad (MTY),2020-02-20,61638,2.1,23.9,7118764553,011KMX,6
6330,Lincoln (MTY),2020-02-20,61639,0.54,6.46,7118764984,1841MX,3
6346,Chepevera (MTY),2020-02-20,61640,1.71,5.29,7118765242,0364MX,3
6335,San Nicolás de los Garza Centro (MTY),2020-02-20,61641,1.92,18.08,7118765485,0565MX,2
6335,San Nicolás de los Garza Centro (MTY),2020-02-20,61641,1.92,18.08,7118765485,1926MX,5
6027,Revolución (QRO),2020-02-20,61642,9.895,10.105,7118765791,1829MX,4
6027,Revolución (QRO),2020-02-20,61642,9.895,10.105,7118765791,1926MX,30
6027,Revolución (QRO),2020-02-20,61642,9.895,10.105,7118765791,2374MX,1
6623,Cualiacán Centro (SIN),2020-02-20,61643,0.63,6.37,7118766130,0370MX,9
6625,Cañadas Culiacán (SIN),2020-02-20,61644,1.95,18.05,7118766631,049KMX,3
6617,Ejercito Mazatlán (SIN),2020-02-20,61645,2.28,17.72,7118766992,049KMX,2
6617,Ejercito Mazatlán (SIN),2020-02-20,61645,2.28,17.72,7118766992,0370MX,14
5201,Morelos Centro Matamoros (TAMS),2020-02-20,61646,2.6,17.4,7118767305,049KMX,4
5202,Cárdenas Matamoros (TAMS),2020-02-20,61647,9.015,16.985,7118767563,049KMX,12
5202,Cárdenas Matamoros (TAMS),2020-02-20,61647,9.015,16.985,7118767563,440NMX,9
5205,Guerrero Nuevo Laredo (TAMS),2020-02-20,61648,15.86,11.64,7118767946,3100MX,12
5205,Guerrero Nuevo Laredo (TAMS),2020-02-20,61648,15.86,11.64,7118767946,049KMX,22
5207,Anáhuac Nuevo Laredo (TAMS),2020-02-20,61649,11.475,8.525,7118768263,049KMX,4
5207,Anáhuac Nuevo Laredo (TAMS),2020-02-20,61649,11.475,8.525,7118768263,1829MX,13
5207,Anáhuac Nuevo Laredo (TAMS),2020-02-20,61649,11.475,8.525,7118768263,0065MX,16
5207,Anáhuac Nuevo Laredo (TAMS),2020-02-20,61649,11.475,8.525,7118768263,0963MX,61
5207,Anáhuac Nuevo Laredo (TAMS),2020-02-20,61649,11.475,8.525,7118768263,1094MX,11
5207,Anáhuac Nuevo Laredo (TAMS),2020-02-20,61649,11.475,8.525,7118768263,2792MX,3
5207,Anáhuac Nuevo Laredo (TAMS),2020-02-20,61649,11.475,8.525,7118768263,3150MX,1
5208,Reynosa Centro(TAMS),2020-02-20,61650,1.71,5.29,7118768554,0364MX,3
5209,Hidalgo Reynosa (TAMS),2020-02-20,61651,8.92,17.08,7118768915,0077MX,3
5209,Hidalgo Reynosa (TAMS),2020-02-20,61651,8.92,17.08,7118768915,0364MX,2
5209,Hidalgo Reynosa (TAMS),2020-02-20,61651,8.92,17.08,7118768915,1065MX,8
5209,Hidalgo Reynosa (TAMS),2020-02-20,61651,8.92,17.08,7118768915,3525MX,2
5209,Hidalgo Reynosa (TAMS),2020-02-20,61651,8.92,17.08,7118768915,049KMX,3
5215,Morelos Reynosa (TAMS),2020-02-20,61652,7.31,18.69,7118769195,049KMX,11
5215,Morelos Reynosa (TAMS),2020-02-20,61652,7.31,18.69,7118769195,1061MX,4
6329,Tampico Centro (TAMS),2020-02-20,61653,2.18,23.82,7118769464,290NMX,2
6329,Tampico Centro (TAMS),2020-02-20,61653,2.18,23.82,7118769464,440NMX,4
6333,Curva de Texas Tampico (TAMS),2020-02-20,61654,11.05,8.95,7118769744,049KMX,1
6333,Curva de Texas Tampico (TAMS),2020-02-20,61654,11.05,8.95,7118769744,3175MX,16
5007,Centro Rosarito (BC),2020-02-20,61655,3.66,16.34,7118770131,049KMX,3
5007,Centro Rosarito (BC),2020-02-20,61655,3.66,16.34,7118770131,0364MX,3
5033,San Jose del Cabo (BCS),2020-02-20,61656,8.45,17.55,7118770466,049KMX,13
4042,Peñasco Sonora (SON),2020-02-20,61657,4.34,15.66,7118770842,3525MX,7
5035,Centro Ensenada(BC),2020-02-20,61658,1.92,5.08,7118771435,1155MX,16
5010,Valle Dorado Ensenada (BC),2020-02-20,61659,1.2,5.8,7118771726,0922MX,15
4036,Guaymas (SON),2020-02-20,61660,0.94,6.06,7118772032,0370MX,2
4036,Guaymas (SON),2020-02-20,61660,0.94,6.06,7118772032,0565MX,1
4036,Guaymas (SON),2020-02-20,61660,0.94,6.06,7118772032,1926MX,2
4037,Navojoa (SON),2020-02-20,61661,2.6,17.4,7118772382,4002MX,4
5001,Revolución Tijuana (BC),2020-02-20,61662,2.6,17.4,7118772684,049KMX,4
5002,5 y 10 Sur Tijuana (BC),2020-02-20,61663,5.2,20.8,7118772986,049KMX,8
5003,Las Brisas Tijuana (BC),2020-02-20,61664,4.55,21.45,7118773384,049KMX,7
5011,Matamoros Tijuana (BC),2020-02-20,61665,2.85,17.15,7118773852,049KMX,4
5011,Matamoros Tijuana (BC),2020-02-20,61665,2.85,17.15,7118773852,1094MX,5
5019,CD Industrial Tijuana (BC),2020-02-20,61666,3.9,22.1,7118774235,049KMX,6
5022,Plaza Limón Tijuana (BC),2020-02-20,61667,0.52,6.48,7118774633,3100MX,4
5031,Cucapah Dalias Tijuana(BC),2020-02-20,61668,26.9,0.6,7118775064,049KMX,9
5031,Cucapah Dalias Tijuana(BC),2020-02-20,61668,26.9,0.6,7118775064,0077MX,2
5031,Cucapah Dalias Tijuana(BC),2020-02-20,61668,26.9,0.6,7118775064,0364MX,9
5031,Cucapah Dalias Tijuana(BC),2020-02-20,61668,26.9,0.6,7118775064,0922MX,10
5031,Cucapah Dalias Tijuana(BC),2020-02-20,61668,26.9,0.6,7118775064,1065MX,26
5031,Cucapah Dalias Tijuana(BC),2020-02-20,61668,26.9,0.6,7118775064,2792MX,2
4010,Madero La Paz (BCS),2020-02-20,61669,4.55,21.45,7118775300,049KMX,7
5032,5 de Febrero La Paz (BCS),2020-02-20,61670,1.95,18.05,7118775565,049KMX,3
4035,Hermosillo Centro (SON),2020-02-20,61671,0.12,6.88,7118775801,0032MX,3
6176,Xalapa (VER),2020-02-20,61672,0.485,6.515,7118776173,1061MX,2
6176,Xalapa (VER),2020-02-20,61672,0.485,6.515,7118776173,440NMX,3
6175,San Martínez de la Torre (VER),2020-02-20,61673,1.3,5.7,7118776626,3100MX,10
6177,Chetumal (QRO),2020-02-20,61674,1.72,5.28,7118776954,0370MX,6
6177,Chetumal (QRO),2020-02-20,61674,1.72,5.28,7118776954,3100MX,10
6183,CHAMPOTÓN CENTRO ,2020-02-20,61675,1.95,18.05,7118777621,049KMX,3
6187,TEZIUTLÁN CENTRO (PUE),2020-02-20,61676,2.85,4.15,7118777945,3115MX,19
6182,CD. GUZMÁN CENTRO (JAL),2020-02-20,61677,21.84,5.66,7118778306,0065MX,2
6182,CD. GUZMÁN CENTRO (JAL),2020-02-20,61677,21.84,5.66,7118778306,0085MX,5
6182,CD. GUZMÁN CENTRO (JAL),2020-02-20,61677,21.84,5.66,7118778306,1065MX,14
6182,CD. GUZMÁN CENTRO (JAL),2020-02-20,61677,21.84,5.66,7118778306,1926MX,18
6182,CD. GUZMÁN CENTRO (JAL),2020-02-20,61677,21.84,5.66,7118778306,2644MX,3
6182,CD. GUZMÁN CENTRO (JAL),2020-02-20,61677,21.84,5.66,7118778306,3115MX,3
6182,CD. GUZMÁN CENTRO (JAL),2020-02-20,61677,21.84,5.66,7118778306,1610MX,11
6184,MERIDA CALLE 58 (YUC),2020-02-20,61678,4.795,21.205,7118778796,0370MX,7
6184,MERIDA CALLE 58 (YUC),2020-02-20,61678,4.795,21.205,7118778796,3100MX,5
6184,MERIDA CALLE 58 (YUC),2020-02-20,61678,4.795,21.205,7118778796,049KMX,5
6184,MERIDA CALLE 58 (YUC),2020-02-20,61678,4.795,21.205,7118778796,440NMX,3
6181,Macuspana Centro,2020-02-20,61679,0.72,6.28,7118779323,0085MX,8
6195,CD DELICIAS CENTRO,2020-02-20,61680,0.56,6.44,7118779710,0922MX,7
6636,6636 - San Juan de los Lagos (JAL),2020-02-20,61681,1.95,18.05,7118779916,049KMX,3
6194,TEPIC CENTRO (NAY),2020-02-20,61682,34.474,0.526,7118780163,0065MX,6
6194,TEPIC CENTRO (NAY),2020-02-20,61682,34.474,0.526,7118780163,0922MX,16
6194,TEPIC CENTRO (NAY),2020-02-20,61682,34.474,0.526,7118780163,0964MX,9
6194,TEPIC CENTRO (NAY),2020-02-20,61682,34.474,0.526,7118780163,1428MX,5
6194,TEPIC CENTRO (NAY),2020-02-20,61682,34.474,0.526,7118780163,1926MX,14
6194,TEPIC CENTRO (NAY),2020-02-20,61682,34.474,0.526,7118780163,2131MX,16
6194,TEPIC CENTRO (NAY),2020-02-20,61682,34.474,0.526,7118780163,2631MX,40
6194,TEPIC CENTRO (NAY),2020-02-20,61683,7.8,18.2,7118780373,4000MX,1
6194,TEPIC CENTRO (NAY),2020-02-20,61683,7.8,18.2,7118780373,4001MX,11
6179,Cárdenas Centro,2020-02-20,61684,34.56,0.44,7118780686,1019MX,64
6179,Cárdenas Centro,2020-02-20,61685,11.34,14.66,7118781025,1019MX,21
6903,CABORCA CENTRO (SON),2020-02-20,61686,3.42,16.58,7118781246,0922MX,12
6903,CABORCA CENTRO (SON),2020-02-20,61686,3.42,16.58,7118781246,290NMX,3
6637,CULIACAN HEROICO COLEGIO M (SIN,2020-02-20,61687,0.42,6.58,7118781526,0370MX,6
6192,6192-Valladolid Centro (YUC),2020-02-20,61688,4.6,21.4,7118782090,1412MX,5
6180,6180-Cd Cuauhtemoc (CHIH),2020-02-20,61689,7.8,18.2,7118782381,4000MX,12
6841,Emiliano Zapata,2020-02-20,61690,4.55,21.45,7118782764,4001MX,6
6841,Emiliano Zapata,2020-02-20,61690,4.55,21.45,7118782764,049KMX,1
6829,JOSÉ MARÍA MORELOS (Q. ROO),2020-02-20,61691,1.935,18.065,7118783055,1829MX,1
6829,JOSÉ MARÍA MORELOS (Q. ROO),2020-02-20,61691,1.935,18.065,7118783055,3115MX,4
6829,JOSÉ MARÍA MORELOS (Q. ROO),2020-02-20,61691,1.935,18.065,7118783055,049KMX,2
6331,LINARES,2020-02-20,61692,5.94,14.06,7118783416,1019MX,3
6331,LINARES,2020-02-20,61692,5.94,14.06,7118783416,2631MX,8
6850,Cunduacán,2020-02-20,61693,6.415,19.585,7118783781,0364MX,5
6850,Cunduacán,2020-02-20,61693,6.415,19.585,7118783781,044KMX,4
6850,Cunduacán,2020-02-20,61693,6.415,19.585,7118783781,0370MX,5
6850,Cunduacán,2020-02-20,61693,6.415,19.585,7118783781,1061MX,3
6850,Cunduacán,2020-02-20,61693,6.415,19.585,7118783781,1417MX,2
6850,Cunduacán,2020-02-20,61693,6.415,19.585,7118783781,1829MX,3
6850,Cunduacán,2020-02-20,61693,6.415,19.585,7118783781,049KMX,1
6849,Teapa,2020-02-20,61694,9.23,16.77,7118784083,1065MX,10
6849,Teapa,2020-02-20,61694,9.23,16.77,7118784083,0963MX,22
6849,Teapa,2020-02-20,61694,9.23,16.77,7118784083,0065MX,4
6849,Teapa,2020-02-20,61694,9.23,16.77,7118784083,0364MX,3
6211,Lazaro Cardenas,2020-02-20,61695,34.925,0.075,7118784503,0370MX,39
6211,Lazaro Cardenas,2020-02-20,61695,34.925,0.075,7118784503,1829MX,1
6211,Lazaro Cardenas,2020-02-20,61695,34.925,0.075,7118784503,0079MX,4
6211,Lazaro Cardenas,2020-02-20,61695,34.925,0.075,7118784503,0565MX,8
6211,Lazaro Cardenas,2020-02-20,61695,34.925,0.075,7118784503,1019MX,39
6211,Lazaro Cardenas,2020-02-20,61695,34.925,0.075,7118784503,2374MX,4
6211,Lazaro Cardenas,2020-02-20,61695,34.925,0.075,7118784503,2631MX,9
6211,Lazaro Cardenas,2020-02-20,61695,34.925,0.075,7118784503,2792MX,3
6211,Lazaro Cardenas,2020-02-20,61695,34.925,0.075,7118784503,2864MX,9
6211,Lazaro Cardenas,2020-02-20,61695,34.925,0.075,7118784503,3189MX,1
6211,Lazaro Cardenas,2020-02-20,61696,24.51,2.99,7118784820,4002MX,6
6211,Lazaro Cardenas,2020-02-20,61696,24.51,2.99,7118784820,0085MX,15
6211,Lazaro Cardenas,2020-02-20,61696,24.51,2.99,7118784820,1065MX,29
6211,Lazaro Cardenas,2020-02-20,61696,24.51,2.99,7118784820,3119MX,10
6211,Lazaro Cardenas,2020-02-20,61697,23.11,11.89,7118785100,4000MX,16
6211,Lazaro Cardenas,2020-02-20,61697,23.11,11.89,7118785100,4001MX,9
6211,Lazaro Cardenas,2020-02-20,61697,23.11,11.89,7118785100,4002MX,10
6211,Lazaro Cardenas,2020-02-20,61697,23.11,11.89,7118785100,0085MX,4
6211,Lazaro Cardenas,2020-02-20,61698,22.49,12.51,7118785774,2864MX,13
6211,Lazaro Cardenas,2020-02-20,61698,22.49,12.51,7118785774,3189MX,2
6211,Lazaro Cardenas,2020-02-20,61698,22.49,12.51,7118785774,4000MX,28
6211,Lazaro Cardenas,2020-02-20,61698,22.49,12.51,7118785774,0077MX,3
6640,Colima,2020-02-20,61699,0.415,6.585,7118786065,0032MX,2
6640,Colima,2020-02-20,61699,0.415,6.585,7118786065,0077MX,2
6640,Colima,2020-02-20,61699,0.415,6.585,7118786065,2374MX,1
5043,San Jose del Cabo   ISSSTE,2020-02-20,61700,2.95,17.05,7118786393,049KMX,4
5043,San Jose del Cabo   ISSSTE,2020-02-20,61700,2.95,17.05,7118786393,0370MX,5
6846,Tulum,2020-02-20,61701,34.99,0.01,7118786636,1061MX,4
6846,Tulum,2020-02-20,61701,34.99,0.01,7118786636,0079MX,5
6846,Tulum,2020-02-20,61701,34.99,0.01,7118786636,0364MX,3
6846,Tulum,2020-02-20,61701,34.99,0.01,7118786636,0366MX,2
6846,Tulum,2020-02-20,61701,34.99,0.01,7118786636,0940MX,7
6846,Tulum,2020-02-20,61701,34.99,0.01,7118786636,1019MX,50
6846,Tulum,2020-02-20,61701,34.99,0.01,7118786636,3115MX,1
6846,Tulum,2020-02-20,61702,21.4,13.6,7118786975,1019MX,1
6846,Tulum,2020-02-20,61702,21.4,13.6,7118786975,2864MX,25
6846,Tulum,2020-02-20,61702,21.4,13.6,7118786975,3115MX,1
6846,Tulum,2020-02-20,61702,21.4,13.6,7118786975,3525MX,4
6846,Tulum,2020-02-20,61702,21.4,13.6,7118786975,4000MX,15
6846,Tulum,2020-02-20,61702,21.4,13.6,7118786975,0032MX,6
6846,Tulum,2020-02-20,61702,21.4,13.6,7118786975,0065MX,6
6846,Tulum,2020-02-20,61702,21.4,13.6,7118786975,011KMX,2
6846,Tulum,2020-02-20,61703,0.35,6.65,7118786975,011KMX,1
6921,Cd Camargo ,2020-02-20,61704,5.4,14.6,7118787336,2631MX,10
6852,Cancun plaza Kabah,2020-02-20,61705,13.36,6.64,7118787701,2641MX,6
6852,Cancun plaza Kabah,2020-02-20,61705,13.36,6.64,7118787701,0370MX,10
6852,Cancun plaza Kabah,2020-02-20,61705,13.36,6.64,7118787701,3176MX,12
6852,Cancun plaza Kabah,2020-02-20,61705,13.36,6.64,7118787701,3525MX,3
1147,Tezonapa,2020-02-20,61706,9.2,10.8,7118788051,049KMX,12
1147,Tezonapa,2020-02-20,61706,9.2,10.8,7118788051,0963MX,13
1147,Tezonapa,2020-02-20,61706,9.2,10.8,7118788051,1155MX,3
1182,Huauchinango,2020-02-20,61707,30.255,4.745,7118788412,0032MX,7
1182,Huauchinango,2020-02-20,61707,30.255,4.745,7118788412,0077MX,2
1182,Huauchinango,2020-02-20,61707,30.255,4.745,7118788412,1926MX,14
1182,Huauchinango,2020-02-20,61707,30.255,4.745,7118788412,3100MX,4
1182,Huauchinango,2020-02-20,61707,30.255,4.745,7118788412,1473MX,3
1182,Huauchinango,2020-02-20,61707,30.255,4.745,7118788412,3119MX,14
1182,Huauchinango,2020-02-20,61707,30.255,4.745,7118788412,0079MX,6
1182,Huauchinango,2020-02-20,61707,30.255,4.745,7118788412,1061MX,2
1182,Huauchinango,2020-02-20,61707,30.255,4.745,7118788412,0085MX,47
1182,Huauchinango,2020-02-20,61707,30.255,4.745,7118788412,1829MX,5
1182,Huauchinango,2020-02-20,61707,30.255,4.745,7118788412,2364MX,2
1182,Huauchinango,2020-02-20,61707,30.255,4.745,7118788412,0922MX,18
1182,Huauchinango,2020-02-20,61707,30.255,4.745,7118788412,1019MX,19
1182,Huauchinango,2020-02-20,61708,10.38,15.62,7118788806,1019MX,12
1182,Huauchinango,2020-02-20,61708,10.38,15.62,7118788806,4001MX,6
1175,Palenque,2020-02-20,61709,5.65,20.35,7118789333,0032MX,5
1175,Palenque,2020-02-20,61709,5.65,20.35,7118789333,0565MX,5
1175,Palenque,2020-02-20,61709,5.65,20.35,7118789333,0831MX,2
1175,Palenque,2020-02-20,61709,5.65,20.35,7118789333,0963MX,4
1175,Palenque,2020-02-20,61709,5.65,20.35,7118789333,2648MX,2
1175,Palenque,2020-02-20,61709,5.65,20.35,7118789333,3115MX,2
1175,Palenque,2020-02-20,61709,5.65,20.35,7118789333,3119MX,4
1175,Palenque,2020-02-20,61709,5.65,20.35,7118789333,3525MX,2
1175,Palenque,2020-02-20,61709,5.65,20.35,7118789333,0370MX,3
1089,Chalco,2020-02-20,61710,34.99,0.01,7118789602,2364MX,1
1089,Chalco,2020-02-20,61710,34.99,0.01,7118789602,1065MX,63
1089,Chalco,2020-02-20,61710,34.99,0.01,7118789602,0940MX,1
1089,Chalco,2020-02-20,61710,34.99,0.01,7118789602,0079MX,2
1089,Chalco,2020-02-20,61710,34.99,0.01,7118789602,0032MX,1
1089,Chalco,2020-02-20,61711,34.928,0.072,7118789834,0963MX,31
1089,Chalco,2020-02-20,61711,34.928,0.072,7118789834,0964MX,23
1089,Chalco,2020-02-20,61711,34.928,0.072,7118789834,1019MX,54
1089,Chalco,2020-02-20,61711,34.928,0.072,7118789834,3115MX,1
1089,Chalco,2020-02-20,61711,34.928,0.072,7118789834,0032MX,6
1089,Chalco,2020-02-20,61712,34.86,0.14,7118790276,1188MX,15
1089,Chalco,2020-02-20,61712,34.86,0.14,7118790276,2631MX,9
1089,Chalco,2020-02-20,61713,34.78,0.22,7118790534,1019MX,57
1089,Chalco,2020-02-20,61713,34.78,0.22,7118790534,1188MX,2
1089,Chalco,2020-02-20,61714,34.56,0.44,7118790895,2631MX,64
1089,Chalco,2020-02-20,61715,27.54,7.46,7118791411,2631MX,38
1089,Chalco,2020-02-20,61715,27.54,7.46,7118791411,1610MX,13
1089,Chalco,2020-02-20,61716,22.02,12.98,7118791761,0940MX,12
1089,Chalco,2020-02-20,61716,22.02,12.98,7118791761,0085MX,138
1089,Chalco,2020-02-20,61716,22.02,12.98,7118791761,0963MX,24
1089,Chalco,2020-02-20,61717,18.24,16.76,7118792122,0940MX,27
1089,Chalco,2020-02-20,61717,18.24,16.76,7118792122,0079MX,6
1089,Chalco,2020-02-20,61717,18.24,16.76,7118792122,0085MX,6
1075, San Cristóbal De Las Casas,2020-02-20,61718,3.98,16.02,7118792472,0064MX,6
1075, San Cristóbal De Las Casas,2020-02-20,61718,3.98,16.02,7118792472,1473MX,4
1169,Huimanguillo,2020-02-20,61719,6.6,19.4,7118793021,049KMX,1
1169,Huimanguillo,2020-02-20,61719,6.6,19.4,7118793021,3525MX,7
1169,Huimanguillo,2020-02-20,61719,6.6,19.4,7118793021,0370MX,23
1145,Cd. Altamirano,2020-02-20,61720,34.98,0.02,7118793371,2364MX,5
1145,Cd. Altamirano,2020-02-20,61720,34.98,0.02,7118793371,049KMX,1
1145,Cd. Altamirano,2020-02-20,61720,34.98,0.02,7118793371,0039MX,3
1145,Cd. Altamirano,2020-02-20,61720,34.98,0.02,7118793371,0085MX,62
1145,Cd. Altamirano,2020-02-20,61720,34.98,0.02,7118793371,0922MX,16
1145,Cd. Altamirano,2020-02-20,61720,34.98,0.02,7118793371,0963MX,7
1145,Cd. Altamirano,2020-02-20,61720,34.98,0.02,7118793371,0964MX,20
1145,Cd. Altamirano,2020-02-20,61720,34.98,0.02,7118793371,1019MX,43
1145,Cd. Altamirano,2020-02-20,61720,34.98,0.02,7118793371,3115MX,1
1145,Cd. Altamirano,2020-02-20,61721,30.19,4.81,7118793684,2631MX,25
1145,Cd. Altamirano,2020-02-20,61721,30.19,4.81,7118793684,3115MX,2
1145,Cd. Altamirano,2020-02-20,61721,30.19,4.81,7118793684,3119MX,4
1145,Cd. Altamirano,2020-02-20,61721,30.19,4.81,7118793684,4000MX,23
1145,Cd. Altamirano,2020-02-20,61722,29.56,5.44,7118794034,1019MX,10
1145,Cd. Altamirano,2020-02-20,61722,29.56,5.44,7118794034,1412MX,4
1145,Cd. Altamirano,2020-02-20,61722,29.56,5.44,7118794034,1926MX,31
1145,Cd. Altamirano,2020-02-20,61722,29.56,5.44,7118794034,2631MX,19
1145,Cd. Altamirano,2020-02-20,61722,29.56,5.44,7118794034,3115MX,2
1145,Cd. Altamirano,2020-02-20,61723,22.1,12.9,7118794443,4000MX,13
1145,Cd. Altamirano,2020-02-20,61723,22.1,12.9,7118794443,4001MX,8
1145,Cd. Altamirano,2020-02-20,61723,22.1,12.9,7118794443,4002MX,13
1067,Cosamaloapan De Carpio,2020-02-20,61724,0.96,6.04,7118794653,0565MX,6
1137,Ocosingo,2020-02-20,61725,3.25,16.75,7118795073,049KMX,5
1183, San Andres Tuxtla,2020-02-20,61726,34.915,0.085,7118795412,049KMX,3
1183, San Andres Tuxtla,2020-02-20,61726,34.915,0.085,7118795412,1829MX,7
1183, San Andres Tuxtla,2020-02-20,61726,34.915,0.085,7118795412,2864MX,4
1183, San Andres Tuxtla,2020-02-20,61726,34.915,0.085,7118795412,0032MX,4
1183, San Andres Tuxtla,2020-02-20,61726,34.915,0.085,7118795412,0079MX,5
1183, San Andres Tuxtla,2020-02-20,61726,34.915,0.085,7118795412,0085MX,11
1183, San Andres Tuxtla,2020-02-20,61726,34.915,0.085,7118795412,0366MX,3
1183, San Andres Tuxtla,2020-02-20,61726,34.915,0.085,7118795412,0831MX,10
1183, San Andres Tuxtla,2020-02-20,61726,34.915,0.085,7118795412,0922MX,24
1183, San Andres Tuxtla,2020-02-20,61726,34.915,0.085,7118795412,1019MX,18
1183, San Andres Tuxtla,2020-02-20,61726,34.915,0.085,7118795412,1061MX,2
1183, San Andres Tuxtla,2020-02-20,61726,34.915,0.085,7118795412,1065MX,20
1183, San Andres Tuxtla,2020-02-20,61726,34.915,0.085,7118795412,2631MX,6
1183, San Andres Tuxtla,2020-02-20,61726,34.915,0.085,7118795412,3100MX,1
1183, San Andres Tuxtla,2020-02-20,61727,21.47,6.03,7118795924,2631MX,3
1183, San Andres Tuxtla,2020-02-20,61727,21.47,6.03,7118795924,2641MX,10
1183, San Andres Tuxtla,2020-02-20,61727,21.47,6.03,7118795924,3100MX,10
1183, San Andres Tuxtla,2020-02-20,61727,21.47,6.03,7118795924,3525MX,4
1183, San Andres Tuxtla,2020-02-20,61727,21.47,6.03,7118795924,2131MX,31
1183, San Andres Tuxtla,2020-02-20,61727,21.47,6.03,7118795924,3119MX,11
1183, San Andres Tuxtla,2020-02-20,61727,21.47,6.03,7118795924,1610MX,8
4206,Guanajuato,2020-02-20,61728,14.97,12.53,7118796333,1926MX,45
4206,Guanajuato,2020-02-20,61728,14.97,12.53,7118796333,0364MX,1
1205,Comalapa,2020-02-20,61729,1.95,18.05,7118796764,049KMX,3
1129,Iguala De La Independencia,2020-02-20,61730,9.03,16.97,7118796996,1065MX,9
1129,Iguala De La Independencia,2020-02-20,61730,9.03,16.97,7118796996,049KMX,6
1129,Iguala De La Independencia,2020-02-20,61730,9.03,16.97,7118796996,0085MX,3
1208,Mapastepec,2020-02-20,61731,0.84,6.16,7118797254,0370MX,12
1206,Motozintla,2020-02-20,61732,1.95,18.05,7118797512,049KMX,3
1179,Abasolo,2020-02-20,61733,0.36,6.64,7118797921,0065MX,4
1140,Culiacán 3,2020-02-20,61734,0.48,6.52,7118798234,0922MX,6
1004,Taxco,2020-02-20,61735,4.35,15.65,7118798820,0370MX,9
1004,Taxco,2020-02-20,61735,4.35,15.65,7118798820,3525MX,6
1188,Guadalajara 7,2020-02-20,61736,1.05,18.95,7118799085,011KMX,3
1152,Arandas,2020-02-20,61737,9.93,16.07,3779080233,049KMX,1
1152,Arandas,2020-02-20,61737,9.93,16.07,3779080233,0370MX,10
1152,Arandas,2020-02-20,61737,9.93,16.07,3779080233,1019MX,7
1152,Arandas,2020-02-20,61737,9.93,16.07,3779080233,1155MX,8
1152,Arandas,2020-02-20,61737,9.93,16.07,3779080233,3119MX,10
1152,Arandas,2020-02-20,61737,9.93,16.07,3779080233,044KMX,3
1127,Villaflores,2020-02-20,61738,1.905,18.095,3779080524,049KMX,1
1127,Villaflores,2020-02-20,61738,1.905,18.095,3779080524,0370MX,6
1127,Villaflores,2020-02-20,61738,1.905,18.095,3779080524,011KMX,2
1127,Villaflores,2020-02-20,61738,1.905,18.095,3779080524,440NMX,1
1110,Cancun II  ,2020-02-20,61739,14.845,12.655,3779081062,1417MX,1
1110,Cancun II  ,2020-02-20,61739,14.845,12.655,3779081062,1926MX,5
1110,Cancun II  ,2020-02-20,61739,14.845,12.655,3779081062,3123MX,2
1110,Cancun II  ,2020-02-20,61739,14.845,12.655,3779081062,4000MX,9
1110,Cancun II  ,2020-02-20,61739,14.845,12.655,3779081062,0065MX,3
1110,Cancun II  ,2020-02-20,61739,14.845,12.655,3779081062,0963MX,13
1110,Cancun II  ,2020-02-20,61739,14.845,12.655,3779081062,2864MX,8
1110,Cancun II  ,2020-02-20,61739,14.845,12.655,3779081062,4004MX,3
1110,Cancun II  ,2020-02-20,61739,14.845,12.655,3779081062,049KMX,1
1110,Cancun II  ,2020-02-20,61739,14.845,12.655,3779081062,440NMX,1
1158,Cd. del Carmen,2020-02-20,61740,1.05,18.95,3779081375,011KMX,3
6002,Snic. Tlalnepantla ,2020-02-20,61741,5.84,20.16,3779081843,049KMX,4
6002,Snic. Tlalnepantla ,2020-02-20,61741,5.84,20.16,3779081843,1065MX,5
6002,Snic. Tlalnepantla ,2020-02-20,61741,5.84,20.16,3779081843,2131MX,6
6200,Orizaba Centro ,2020-02-20,61742,22.49,5.01,3779082300,0079MX,2
6200,Orizaba Centro ,2020-02-20,61742,22.49,5.01,3779082300,0565MX,3
6200,Orizaba Centro ,2020-02-20,61742,22.49,5.01,3779082300,0922MX,14
6200,Orizaba Centro ,2020-02-20,61742,22.49,5.01,3779082300,1473MX,2
6200,Orizaba Centro ,2020-02-20,61742,22.49,5.01,3779082300,2555MX,5
6200,Orizaba Centro ,2020-02-20,61742,22.49,5.01,3779082300,3119MX,10
6200,Orizaba Centro ,2020-02-20,61742,22.49,5.01,3779082300,3189MX,5
6200,Orizaba Centro ,2020-02-20,61742,22.49,5.01,3779082300,3525MX,2
6200,Orizaba Centro ,2020-02-20,61742,22.49,5.01,3779082300,2864MX,7
6200,Orizaba Centro ,2020-02-20,61742,22.49,5.01,3779082300,1610MX,15
6201,Xochimilco ,2020-02-20,61743,34.98,0.02,3779082646,0370MX,12
6201,Xochimilco ,2020-02-20,61743,34.98,0.02,3779082646,1065MX,46
6201,Xochimilco ,2020-02-20,61743,34.98,0.02,3779082646,2364MX,5
6201,Xochimilco ,2020-02-20,61743,34.98,0.02,3779082646,3100MX,11
6201,Xochimilco ,2020-02-20,61743,34.98,0.02,3779082646,1926MX,12
6201,Xochimilco ,2020-02-20,61743,34.98,0.02,3779082646,3525MX,5
6201,Xochimilco ,2020-02-20,61743,34.98,0.02,3779082646,0064MX,6
6201,Xochimilco ,2020-02-20,61744,21.79,13.21,3779082926,3525MX,4
6201,Xochimilco ,2020-02-20,61744,21.79,13.21,3779082926,0366MX,3
6201,Xochimilco ,2020-02-20,61744,21.79,13.21,3779082926,1412MX,8
6201,Xochimilco ,2020-02-20,61744,21.79,13.21,3779082926,2648MX,32
6201,Xochimilco ,2020-02-20,61745,0.32,6.68,3779082926,2648MX,1
6212,Tula Centro ,2020-02-20,61746,11.34,8.66,3779083416,0831MX,9
6212,Tula Centro ,2020-02-20,61746,11.34,8.66,3779083416,0364MX,6
6212,Tula Centro ,2020-02-20,61746,11.34,8.66,3779083416,4002MX,3
6212,Tula Centro ,2020-02-20,61746,11.34,8.66,3779083416,3525MX,6
6213,Puerto Progreso,2020-02-20,61747,1.48,5.52,3779083954,0077MX,4
6213,Puerto Progreso,2020-02-20,61747,1.48,5.52,3779083954,0370MX,16
6219,Zitácuaro Centro,2020-02-20,61748,0.52,6.48,3779084326,3100MX,4
6259, Huamantla,2020-02-20,61749,16.64,10.86,3779084676,3100MX,7
6259, Huamantla,2020-02-20,61749,16.64,10.86,3779084676,3525MX,1
6259, Huamantla,2020-02-20,61749,16.64,10.86,3779084676,1061MX,4
6259, Huamantla,2020-02-20,61749,16.64,10.86,3779084676,3175MX,23
6651,Plaza Santa Rosa,2020-02-20,61750,1.95,18.05,3779085262,049KMX,3
6843,Cancun Heroes,2020-02-20,61751,1.3,5.7,3779085656,0065MX,2
6843,Cancun Heroes,2020-02-20,61751,1.3,5.7,3779085656,0370MX,16
6845,Cancun Lopez Portillo,2020-02-20,61752,6.724,19.276,3779086032,0065MX,1
6845,Cancun Lopez Portillo,2020-02-20,61752,6.724,19.276,3779086032,0922MX,5
6845,Cancun Lopez Portillo,2020-02-20,61752,6.724,19.276,3779086032,0964MX,14
6845,Cancun Lopez Portillo,2020-02-20,61752,6.724,19.276,3779086032,1473MX,3
6845,Cancun Lopez Portillo,2020-02-20,61752,6.724,19.276,3779086032,2631MX,3
6851,Plaza The Village,2020-02-20,61753,22.32,12.68,3779086603,0831MX,1
6851,Plaza The Village,2020-02-20,61753,22.32,12.68,3779086603,0922MX,12
6851,Plaza The Village,2020-02-20,61753,22.32,12.68,3779086603,0963MX,14
6851,Plaza The Village,2020-02-20,61753,22.32,12.68,3779086603,0964MX,10
6851,Plaza The Village,2020-02-20,61753,22.32,12.68,3779086603,1926MX,12
6851,Plaza The Village,2020-02-20,61753,22.32,12.68,3779086603,2641MX,6
6851,Plaza The Village,2020-02-20,61753,22.32,12.68,3779086603,2864MX,10
6851,Plaza The Village,2020-02-20,61753,22.32,12.68,3779086603,4002MX,3
6851,Plaza The Village,2020-02-20,61753,22.32,12.68,3779086603,4008MX,6
6851,Plaza The Village,2020-02-20,61753,22.32,12.68,3779086603,3119MX,9
6851,Plaza The Village,2020-02-20,61754,10.97,9.03,3779087034,3119MX,7
6851,Plaza The Village,2020-02-20,61754,10.97,9.03,3779087034,0884MX,13
6854,Plaza Cumbres Cancun ,2020-02-20,61755,5.88,20.12,3779087480,3119MX,6
6854,Plaza Cumbres Cancun ,2020-02-20,61755,5.88,20.12,3779087480,3525MX,6
6859, Glorieta Caracol,2020-02-20,61756,1.8,24.2,3779087885,3150MX,2
6859, Glorieta Caracol,2020-02-20,61756,1.8,24.2,3779087885,011KMX,4
6915,Cintalapa ,2020-02-20,61757,17.4,17.6,3779088202,049KMX,12
6915,Cintalapa ,2020-02-20,61757,17.4,17.6,3779088202,044KMX,8
6915,Cintalapa ,2020-02-20,61757,17.4,17.6,3779088202,0940MX,14
6864,Felipe Carrillo Puerto,2020-02-20,61758,3.75,16.25,3779088526,049KMX,2
6864,Felipe Carrillo Puerto,2020-02-20,61758,3.75,16.25,3779088526,011KMX,7
4013,CONSTITUCION (BCA),2020-02-20,61759,0.405,6.595,3779088913,440NMX,3
4019,PLAYAS (BCA),2020-02-20,61760,2.16,17.84,3779089414,3119MX,6
4032,SOLER (BCA),2020-02-20,61761,2.84,17.16,3779089764,0922MX,3
4032,SOLER (BCA),2020-02-20,61761,2.84,17.16,3779089764,049KMX,4
4043,LAS FUENTES (BCA),2020-02-20,61762,1.95,18.05,3779090335,049KMX,3
6372,PLAZA MIRASIERRA (COA),2020-02-20,61763,10.622,9.378,3779090593,0370MX,4
6372,PLAZA MIRASIERRA (COA),2020-02-20,61763,10.622,9.378,3779090593,0964MX,7
6372,PLAZA MIRASIERRA (COA),2020-02-20,61763,10.622,9.378,3779090593,2648MX,4
6372,PLAZA MIRASIERRA (COA),2020-02-20,61763,10.622,9.378,3779090593,3525MX,9
6372,PLAZA MIRASIERRA (COA),2020-02-20,61763,10.622,9.378,3779090593,4004MX,4
6907,TUXTLA CALLE 6 (CHS),2020-02-20,61764,16.27,3.73,3779090980,049KMX,11
6907,TUXTLA CALLE 6 (CHS),2020-02-20,61764,16.27,3.73,3779090980,0370MX,12
6907,TUXTLA CALLE 6 (CHS),2020-02-20,61764,16.27,3.73,3779090980,0565MX,5
6907,TUXTLA CALLE 6 (CHS),2020-02-20,61764,16.27,3.73,3779090980,2641MX,2
6907,TUXTLA CALLE 6 (CHS),2020-02-20,61764,16.27,3.73,3779090980,1019MX,12
1203,TEZIUTLAN,2020-02-20,61765,22.035,5.465,3779091315,1473MX,13
1203,TEZIUTLAN,2020-02-20,61765,22.035,5.465,3779091315,2364MX,3
1203,TEZIUTLAN,2020-02-20,61765,22.035,5.465,3779091315,0064MX,11
1203,TEZIUTLAN,2020-02-20,61765,22.035,5.465,3779091315,049KMX,10
1203,TEZIUTLAN,2020-02-20,61765,22.035,5.465,3779091315,1841MX,12
1203,TEZIUTLAN,2020-02-20,61765,22.035,5.465,3779091315,1829MX,7
6226,PLAZA PATIO ACAPULCO (GRO),2020-02-20,61766,20.91,14.09,3779091610,0064MX,2
6226,PLAZA PATIO ACAPULCO (GRO),2020-02-20,61766,20.91,14.09,3779091610,1926MX,3
6226,PLAZA PATIO ACAPULCO (GRO),2020-02-20,61766,20.91,14.09,3779091610,3100MX,9
6226,PLAZA PATIO ACAPULCO (GRO),2020-02-20,61766,20.91,14.09,3779091610,049KMX,12
6226,PLAZA PATIO ACAPULCO (GRO),2020-02-20,61766,20.91,14.09,3779091610,0079MX,4
6226,PLAZA PATIO ACAPULCO (GRO),2020-02-20,61766,20.91,14.09,3779091610,0922MX,7
6226,PLAZA PATIO ACAPULCO (GRO),2020-02-20,61766,20.91,14.09,3779091610,0940MX,13
6226,PLAZA PATIO ACAPULCO (GRO),2020-02-20,61766,20.91,14.09,3779091610,0963MX,22
6226,PLAZA PATIO ACAPULCO (GRO),2020-02-20,61767,1.92,18.08,3779091610,0963MX,15
6226,PLAZA PATIO ACAPULCO (GRO),2020-02-20,61767,1.92,18.08,3779091610,044KMX,9
6230,ACAPULCO POSADA,2020-02-20,61768,9.07,16.93,3779092063,0366MX,3
6230,ACAPULCO POSADA,2020-02-20,61768,9.07,16.93,3779092063,0922MX,11
6230,ACAPULCO POSADA,2020-02-20,61768,9.07,16.93,3779092063,3119MX,18
6502,JARDINES DEL MORAL (GTO),2020-02-20,61769,4.96,15.04,3779092424,3525MX,8
6518,LEON CENTRO (GTO),2020-02-20,61770,14.04,13.46,3779092693,0085MX,63
6518,LEON CENTRO (GTO),2020-02-20,61770,14.04,13.46,3779092693,0831MX,3
6518,LEON CENTRO (GTO),2020-02-20,61770,14.04,13.46,3779092693,1926MX,15
6518,LEON CENTRO (GTO),2020-02-20,61770,14.04,13.46,3779092693,0065MX,1
6518,LEON CENTRO (GTO),2020-02-20,61770,14.04,13.46,3779092693,0366MX,1
6518,LEON CENTRO (GTO),2020-02-20,61770,14.04,13.46,3779092693,3119MX,6
6036,PABELLON REFORMA (PUE),2020-02-20,61771,16.96,10.54,3779093076,049KMX,24
6036,PABELLON REFORMA (PUE),2020-02-20,61771,16.96,10.54,3779093076,044KMX,17
6125,METRO INSURGENTES (DFE),2020-02-20,61772,3.82,16.18,3779093496,1155MX,4
6125,METRO INSURGENTES (DFE),2020-02-20,61772,3.82,16.18,3779093496,1065MX,5
6125,METRO INSURGENTES (DFE),2020-02-20,61772,3.82,16.18,3779093496,2648MX,2
6643,LA RIOJA (JAL),2020-02-20,61773,2.7,4.3,3779093861,2631MX,5
6186,VILLAHERMOSA CEN. (TAB),2020-02-20,61774,13.65,13.85,3779094211,049KMX,21
6835,VILLAHERMOSA CASA BLANCA (TAB),2020-02-20,61775,0.84,6.16,3779094513,1061MX,6
6835,VILLAHERMOSA CASA BLANCA (TAB),2020-02-20,61775,0.84,6.16,3779094513,2364MX,4
6855,VILLAHERMOSA  PLAZA PATIO (TAB),2020-02-20,61776,4.32,15.68,3779094826,1065MX,8
6190,MERIDA CALLE 63 (YUC),2020-02-20,61777,23.12,11.88,3779095084,0065MX,8
6190,MERIDA CALLE 63 (YUC),2020-02-20,61777,23.12,11.88,3779095084,0364MX,3
6190,MERIDA CALLE 63 (YUC),2020-02-20,61777,23.12,11.88,3779095084,1155MX,10
6190,MERIDA CALLE 63 (YUC),2020-02-20,61777,23.12,11.88,3779095084,1926MX,1
6190,MERIDA CALLE 63 (YUC),2020-02-20,61777,23.12,11.88,3779095084,2864MX,20
6190,MERIDA CALLE 63 (YUC),2020-02-20,61777,23.12,11.88,3779095084,3115MX,2
6190,MERIDA CALLE 63 (YUC),2020-02-20,61777,23.12,11.88,3779095084,3119MX,17
6190,MERIDA CALLE 63 (YUC),2020-02-20,61777,23.12,11.88,3779095084,4000MX,11
6190,MERIDA CALLE 63 (YUC),2020-02-20,61778,13.65,13.85,3779095283,4000MX,21
6932,JUCHITAN DE ZARAGOZA,2020-02-20,61779,34.99,0.01,3779095504,0884MX,6
6932,JUCHITAN DE ZARAGOZA,2020-02-20,61779,34.99,0.01,3779095504,049KMX,3
6932,JUCHITAN DE ZARAGOZA,2020-02-20,61779,34.99,0.01,3779095504,0032MX,6
6932,JUCHITAN DE ZARAGOZA,2020-02-20,61779,34.99,0.01,3779095504,1155MX,7
6932,JUCHITAN DE ZARAGOZA,2020-02-20,61779,34.99,0.01,3779095504,1610MX,18
6932,JUCHITAN DE ZARAGOZA,2020-02-20,61779,34.99,0.01,3779095504,0370MX,46
6932,JUCHITAN DE ZARAGOZA,2020-02-20,61779,34.99,0.01,3779095504,1019MX,28
6932,JUCHITAN DE ZARAGOZA,2020-02-20,61780,29.53,5.47,3779095751,1019MX,4
6932,JUCHITAN DE ZARAGOZA,2020-02-20,61780,29.53,5.47,3779095751,2131MX,10
6932,JUCHITAN DE ZARAGOZA,2020-02-20,61780,29.53,5.47,3779095751,3119MX,5
6932,JUCHITAN DE ZARAGOZA,2020-02-20,61780,29.53,5.47,3779095751,2374MX,2
6932,JUCHITAN DE ZARAGOZA,2020-02-20,61780,29.53,5.47,3779095751,044KMX,2
6932,JUCHITAN DE ZARAGOZA,2020-02-20,61780,29.53,5.47,3779095751,0039MX,2
6932,JUCHITAN DE ZARAGOZA,2020-02-20,61780,29.53,5.47,3779095751,0065MX,6
6932,JUCHITAN DE ZARAGOZA,2020-02-20,61780,29.53,5.47,3779095751,0085MX,27
6932,JUCHITAN DE ZARAGOZA,2020-02-20,61780,29.53,5.47,3779095751,1094MX,4
6932,JUCHITAN DE ZARAGOZA,2020-02-20,61780,29.53,5.47,3779095751,3100MX,6
6932,JUCHITAN DE ZARAGOZA,2020-02-20,61780,29.53,5.47,3779095751,3115MX,3
6932,JUCHITAN DE ZARAGOZA,2020-02-20,61780,29.53,5.47,3779095751,3123MX,1
6932,JUCHITAN DE ZARAGOZA,2020-02-20,61780,29.53,5.47,3779095751,3175MX,7
6932,JUCHITAN DE ZARAGOZA,2020-02-20,61780,29.53,5.47,3779095751,3525MX,1
6932,JUCHITAN DE ZARAGOZA,2020-02-20,61780,29.53,5.47,3779095751,4000MX,14
6932,JUCHITAN DE ZARAGOZA,2020-02-20,61780,29.53,5.47,3779095751,4002MX,2
6932,JUCHITAN DE ZARAGOZA,2020-02-20,61780,29.53,5.47,3779095751,4007MX,4
6932,JUCHITAN DE ZARAGOZA,2020-02-20,61781,4.54,21.46,3779096263,4002MX,6
6932,JUCHITAN DE ZARAGOZA,2020-02-20,61781,4.54,21.46,3779096263,0565MX,4
6273,MÉXICO - TACUBA,2020-02-20,61782,16.12,11.38,3779096683,0940MX,10
6273,MÉXICO - TACUBA,2020-02-20,61782,16.12,11.38,3779096683,2631MX,18
6923,SALINA CRUZ,2020-02-20,61783,1.77,18.23,3779097070,0077MX,3
6923,SALINA CRUZ,2020-02-20,61783,1.77,18.23,3779097070,0831MX,6
1354,TEJUPILCO,2020-02-20,61784,25.5,2,3779097350,2364MX,6
1354,TEJUPILCO,2020-02-20,61784,25.5,2,3779097350,3146MX,12
1354,TEJUPILCO,2020-02-20,61784,25.5,2,3779097350,0085MX,61
1354,TEJUPILCO,2020-02-20,61784,25.5,2,3779097350,0064MX,10
1354,TEJUPILCO,2020-02-20,61784,25.5,2,3779097350,0922MX,24
1354,TEJUPILCO,2020-02-20,61784,25.5,2,3779097350,1473MX,5
1354,TEJUPILCO,2020-02-20,61784,25.5,2,3779097350,0065MX,20
1354,TEJUPILCO,2020-02-20,61784,25.5,2,3779097350,0366MX,6
1354,TEJUPILCO,2020-02-20,61784,25.5,2,3779097350,3100MX,14
1354,TEJUPILCO,2020-02-20,61784,25.5,2,3779097350,2631MX,5
6652,PUERTO VALLARTA CENTRO,2020-02-20,61785,23.285,4.215,3779097814,1094MX,7
6652,PUERTO VALLARTA CENTRO,2020-02-20,61785,23.285,4.215,3779097814,3525MX,11
6652,PUERTO VALLARTA CENTRO,2020-02-20,61785,23.285,4.215,3779097814,0077MX,6
6652,PUERTO VALLARTA CENTRO,2020-02-20,61785,23.285,4.215,3779097814,0079MX,5
6652,PUERTO VALLARTA CENTRO,2020-02-20,61785,23.285,4.215,3779097814,0963MX,23
6652,PUERTO VALLARTA CENTRO,2020-02-20,61785,23.285,4.215,3779097814,1095MX,6
6652,PUERTO VALLARTA CENTRO,2020-02-20,61785,23.285,4.215,3779097814,1412MX,3
6652,PUERTO VALLARTA CENTRO,2020-02-20,61785,23.285,4.215,3779097814,1829MX,3
6652,PUERTO VALLARTA CENTRO,2020-02-20,61785,23.285,4.215,3779097814,2644MX,4
6652,PUERTO VALLARTA CENTRO,2020-02-20,61785,23.285,4.215,3779097814,4002MX,11
6652,PUERTO VALLARTA CENTRO,2020-02-20,61785,23.285,4.215,3779097814,049KMX,1
6866,PARAISO CENTRO,2020-02-20,61786,0.49,6.51,3779098175,0370MX,7
4217,CHIAUTEMPAN Tlax.,2020-02-20,61787,34.992,0.008,3779098551,0964MX,2
4217,CHIAUTEMPAN Tlax.,2020-02-20,61787,34.992,0.008,3779098551,1065MX,42
4217,CHIAUTEMPAN Tlax.,2020-02-20,61787,34.992,0.008,3779098551,1412MX,3
4217,CHIAUTEMPAN Tlax.,2020-02-20,61787,34.992,0.008,3779098551,2555MX,13
4217,CHIAUTEMPAN Tlax.,2020-02-20,61787,34.992,0.008,3779098551,2641MX,3
4217,CHIAUTEMPAN Tlax.,2020-02-20,61788,24.4,10.6,3779098842,2641MX,32
4217,CHIAUTEMPAN Tlax.,2020-02-20,61788,24.4,10.6,3779098842,2648MX,25
4217,CHIAUTEMPAN Tlax.,2020-02-20,61788,24.4,10.6,3779098842,3146MX,2
4217,CHIAUTEMPAN Tlax.,2020-02-20,61789,24.35,10.65,3779099133,3100MX,16
4217,CHIAUTEMPAN Tlax.,2020-02-20,61789,24.35,10.65,3779099133,0065MX,4
4217,CHIAUTEMPAN Tlax.,2020-02-20,61789,24.35,10.65,3779099133,2131MX,54
4217,CHIAUTEMPAN Tlax.,2020-02-20,61789,24.35,10.65,3779099133,4002MX,26
4217,CHIAUTEMPAN Tlax.,2020-02-20,61789,24.35,10.65,3779099133,0032MX,3
4217,CHIAUTEMPAN Tlax.,2020-02-20,61789,24.35,10.65,3779099133,0064MX,1
4217,CHIAUTEMPAN Tlax.,2020-02-20,61790,18.706,16.294,3779099461,4002MX,1
4217,CHIAUTEMPAN Tlax.,2020-02-20,61790,18.706,16.294,3779099461,0064MX,3
4217,CHIAUTEMPAN Tlax.,2020-02-20,61790,18.706,16.294,3779099461,0079MX,4
4217,CHIAUTEMPAN Tlax.,2020-02-20,61790,18.706,16.294,3779099461,0831MX,13
4217,CHIAUTEMPAN Tlax.,2020-02-20,61790,18.706,16.294,3779099461,0922MX,27
4217,CHIAUTEMPAN Tlax.,2020-02-20,61790,18.706,16.294,3779099461,0940MX,18
4217,CHIAUTEMPAN Tlax.,2020-02-20,61790,18.706,16.294,3779099461,0964MX,6
4217,CHIAUTEMPAN Tlax.,2020-02-20,61791,14.45,13.05,3779099936,3146MX,2
4217,CHIAUTEMPAN Tlax.,2020-02-20,61791,14.45,13.05,3779099936,3175MX,10
4217,CHIAUTEMPAN Tlax.,2020-02-20,61791,14.45,13.05,3779099936,3525MX,1
4217,CHIAUTEMPAN Tlax.,2020-02-20,61791,14.45,13.05,3779099936,4001MX,9
4217,CHIAUTEMPAN Tlax.,2020-02-20,61791,14.45,13.05,3779099936,1610MX,2
4210,Ciudad Hidalgo Mich.,2020-02-20,61792,11.65,8.35,3779100253,049KMX,1
4210,Ciudad Hidalgo Mich.,2020-02-20,61792,11.65,8.35,3779100253,0032MX,6
4210,Ciudad Hidalgo Mich.,2020-02-20,61792,11.65,8.35,3779100253,0085MX,70
4210,Ciudad Hidalgo Mich.,2020-02-20,61792,11.65,8.35,3779100253,1926MX,3
4210,Ciudad Hidalgo Mich.,2020-02-20,61792,11.65,8.35,3779100253,3119MX,2
4210,Ciudad Hidalgo Mich.,2020-02-20,61792,11.65,8.35,3779100253,3123MX,4
4210,Ciudad Hidalgo Mich.,2020-02-20,61792,11.65,8.35,3779100253,4000MX,3
4210,Ciudad Hidalgo Mich.,2020-02-20,61792,11.65,8.35,3779100253,0065MX,7
4212,Salvatierra Guanajuato,2020-02-20,61793,1.59,5.41,3779100942,0085MX,6
4212,Salvatierra Guanajuato,2020-02-20,61793,1.59,5.41,3779100942,0064MX,3
4212,Salvatierra Guanajuato,2020-02-20,61793,1.59,5.41,3779100942,0565MX,6
4218,Tuxpan Veracruz,2020-02-20,61794,9.65,16.35,3779101476,0364MX,3
4218,Tuxpan Veracruz,2020-02-20,61794,9.65,16.35,3779101476,0922MX,20
4218,Tuxpan Veracruz,2020-02-20,61794,9.65,16.35,3779101476,1841MX,3
4218,Tuxpan Veracruz,2020-02-20,61794,9.65,16.35,3779101476,3100MX,8
4218,Tuxpan Veracruz,2020-02-20,61794,9.65,16.35,3779101476,3119MX,6
4218,Tuxpan Veracruz,2020-02-20,61794,9.65,16.35,3779101476,4008MX,4
4221,Agua Dulce Veracruz,2020-02-20,61795,1.805,24.195,3779101955,049KMX,1
4221,Agua Dulce Veracruz,2020-02-20,61795,1.805,24.195,3779101955,3123MX,2
4221,Agua Dulce Veracruz,2020-02-20,61795,1.805,24.195,3779101955,1094MX,2
4221,Agua Dulce Veracruz,2020-02-20,61795,1.805,24.195,3779101955,290NMX,1
4221,Agua Dulce Veracruz,2020-02-20,61795,1.805,24.195,3779101955,440NMX,1
4220,TIERRA BLANCA Ver.,2020-02-20,61796,26.105,1.395,3779102342,1829MX,3
4220,TIERRA BLANCA Ver.,2020-02-20,61796,26.105,1.395,3779102342,3123MX,1
4220,TIERRA BLANCA Ver.,2020-02-20,61796,26.105,1.395,3779102342,3175MX,6
4220,TIERRA BLANCA Ver.,2020-02-20,61796,26.105,1.395,3779102342,3100MX,5
4220,TIERRA BLANCA Ver.,2020-02-20,61796,26.105,1.395,3779102342,0032MX,7
4220,TIERRA BLANCA Ver.,2020-02-20,61796,26.105,1.395,3779102342,0077MX,2
4220,TIERRA BLANCA Ver.,2020-02-20,61796,26.105,1.395,3779102342,0364MX,2
4220,TIERRA BLANCA Ver.,2020-02-20,61796,26.105,1.395,3779102342,1095MX,3
4220,TIERRA BLANCA Ver.,2020-02-20,61796,26.105,1.395,3779102342,3119MX,7
4220,TIERRA BLANCA Ver.,2020-02-20,61796,26.105,1.395,3779102342,0085MX,15
4220,TIERRA BLANCA Ver.,2020-02-20,61796,26.105,1.395,3779102342,1065MX,8
4220,TIERRA BLANCA Ver.,2020-02-20,61796,26.105,1.395,3779102342,2631MX,8
4220,TIERRA BLANCA Ver.,2020-02-20,61796,26.105,1.395,3779102342,4001MX,4
4220,TIERRA BLANCA Ver.,2020-02-20,61796,26.105,1.395,3779102342,1610MX,2
4220,TIERRA BLANCA Ver.,2020-02-20,61796,26.105,1.395,3779102342,0884MX,5
4209,Salamanca Guanajuato,2020-02-20,61797,29.734,5.266,3779102670,0370MX,5
4209,Salamanca Guanajuato,2020-02-20,61797,29.734,5.266,3779102670,0964MX,9
4209,Salamanca Guanajuato,2020-02-20,61797,29.734,5.266,3779102670,1094MX,8
4209,Salamanca Guanajuato,2020-02-20,61797,29.734,5.266,3779102670,2631MX,22
4209,Salamanca Guanajuato,2020-02-20,61797,29.734,5.266,3779102670,3119MX,8
4209,Salamanca Guanajuato,2020-02-20,61797,29.734,5.266,3779102670,4000MX,19
4209,Salamanca Guanajuato,2020-02-20,61797,29.734,5.266,3779102670,1019MX,1
4209,Salamanca Guanajuato,2020-02-20,61797,29.734,5.266,3779102670,0032MX,5
4209,Salamanca Guanajuato,2020-02-20,61798,27.7,7.3,3779103042,4000MX,8
4209,Salamanca Guanajuato,2020-02-20,61798,27.7,7.3,3779103042,1019MX,24
4209,Salamanca Guanajuato,2020-02-20,61798,27.7,7.3,3779103042,0032MX,2
4209,Salamanca Guanajuato,2020-02-20,61798,27.7,7.3,3779103042,0064MX,3
4209,Salamanca Guanajuato,2020-02-20,61798,27.7,7.3,3779103042,1926MX,10
4209,Salamanca Guanajuato,2020-02-20,61798,27.7,7.3,3779103042,2555MX,5
4209,Salamanca Guanajuato,2020-02-20,61798,27.7,7.3,3779103042,3100MX,6
4209,Salamanca Guanajuato,2020-02-20,61798,27.7,7.3,3779103042,3123MX,3
4209,Salamanca Guanajuato,2020-02-20,61798,27.7,7.3,3779103042,2864MX,8
6278,Dolores Hidalgo,2020-02-20,61799,0.88,6.12,3779103263,0922MX,11
6856,Plaza Patio Hermosillo (SON),2020-02-20,61800,0.96,6.04,3779103650,1095MX,2
6856,Plaza Patio Hermosillo (SON),2020-02-20,61800,0.96,6.04,3779103650,3119MX,2
6934,Esperanza Centro,2020-02-20,61801,4.045,21.955,3779103974,3525MX,4
6934,Esperanza Centro,2020-02-20,61801,4.045,21.955,3779103974,3119MX,3
6934,Esperanza Centro,2020-02-20,61801,4.045,21.955,3779103974,011KMX,1
6934,Esperanza Centro,2020-02-20,61801,4.045,21.955,3779103974,440NMX,1
6206,Tehuacan Centro (PUE),2020-02-20,61802,24.44,3.06,3779104243,0085MX,28
6206,Tehuacan Centro (PUE),2020-02-20,61802,24.44,3.06,3779104243,0831MX,3
6206,Tehuacan Centro (PUE),2020-02-20,61802,24.44,3.06,3779104243,1019MX,19
6206,Tehuacan Centro (PUE),2020-02-20,61802,24.44,3.06,3779104243,1412MX,2
6206,Tehuacan Centro (PUE),2020-02-20,61802,24.44,3.06,3779104243,1841MX,2
6206,Tehuacan Centro (PUE),2020-02-20,61802,24.44,3.06,3779104243,2131MX,10
6206,Tehuacan Centro (PUE),2020-02-20,61802,24.44,3.06,3779104243,2864MX,6
6206,Tehuacan Centro (PUE),2020-02-20,61802,24.44,3.06,3779104243,4000MX,5
6206,Tehuacan Centro (PUE),2020-02-20,61802,24.44,3.06,3779104243,3119MX,8
4201,SAHUAYO (MCH),2020-02-20,61803,7.76,18.24,3779104545,2864MX,10
4201,SAHUAYO (MCH),2020-02-20,61803,7.76,18.24,3779104545,0922MX,8
4201,SAHUAYO (MCH),2020-02-20,61803,7.76,18.24,3779104545,3119MX,12
1074,TEHUACAN,2020-02-20,61804,3.63,16.37,3779104921,0364MX,2
1074,TEHUACAN,2020-02-20,61804,3.63,16.37,3779104921,0366MX,2
1074,TEHUACAN,2020-02-20,61804,3.63,16.37,3779104921,2792MX,3
1161,SAHUAYO 2,2020-02-20,61805,34.98,0.02,3779105223,3119MX,1
1161,SAHUAYO 2,2020-02-20,61805,34.98,0.02,3779105223,0370MX,5
1161,SAHUAYO 2,2020-02-20,61805,34.98,0.02,3779105223,2631MX,24
1161,SAHUAYO 2,2020-02-20,61805,34.98,0.02,3779105223,2864MX,8
1161,SAHUAYO 2,2020-02-20,61805,34.98,0.02,3779105223,1065MX,21
1161,SAHUAYO 2,2020-02-20,61805,34.98,0.02,3779105223,4000MX,1
1161,SAHUAYO 2,2020-02-20,61805,34.98,0.02,3779105223,1019MX,13
1161,SAHUAYO 2,2020-02-20,61805,34.98,0.02,3779105223,0064MX,2
1161,SAHUAYO 2,2020-02-20,61806,13.84,6.16,3779105363,1019MX,2
1161,SAHUAYO 2,2020-02-20,61806,13.84,6.16,3779105363,0364MX,4
1161,SAHUAYO 2,2020-02-20,61806,13.84,6.16,3779105363,0565MX,5
1161,SAHUAYO 2,2020-02-20,61806,13.84,6.16,3779105363,0831MX,6
1161,SAHUAYO 2,2020-02-20,61806,13.84,6.16,3779105363,1841MX,3
1161,SAHUAYO 2,2020-02-20,61806,13.84,6.16,3779105363,2648MX,11
1161,SAHUAYO 2,2020-02-20,61806,13.84,6.16,3779105363,3146MX,2
1161,SAHUAYO 2,2020-02-20,61806,13.84,6.16,3779105363,3525MX,6
6231,Papantla Centro,2020-02-20,61807,0.91,6.09,3779105772,049KMX,1
6231,Papantla Centro,2020-02-20,61807,0.91,6.09,3779105772,3100MX,2
1062,SAN MARTIN TEXMELUCAN,2020-02-20,61808,0.45,6.55,3779105993,2364MX,3
1230,ZACATLAN DE LAS MANZANAS,2020-02-20,61809,13.06,6.94,3779106413,0085MX,23
1230,ZACATLAN DE LAS MANZANAS,2020-02-20,61809,13.06,6.94,3779106413,0064MX,2
1230,ZACATLAN DE LAS MANZANAS,2020-02-20,61809,13.06,6.94,3779106413,0065MX,5
1230,ZACATLAN DE LAS MANZANAS,2020-02-20,61809,13.06,6.94,3779106413,2644MX,4
1230,ZACATLAN DE LAS MANZANAS,2020-02-20,61809,13.06,6.94,3779106413,2864MX,8
1230,ZACATLAN DE LAS MANZANAS,2020-02-20,61809,13.06,6.94,3779106413,3100MX,3
1230,ZACATLAN DE LAS MANZANAS,2020-02-20,61809,13.06,6.94,3779106413,4001MX,3
1230,ZACATLAN DE LAS MANZANAS,2020-02-20,61809,13.06,6.94,3779106413,049KMX,6
6863,PLAYA DEL CARMEN (QTR),2020-02-20,61810,2.09,17.91,3779106715,049KMX,3
6863,PLAYA DEL CARMEN (QTR),2020-02-20,61810,2.09,17.91,3779106715,0370MX,2
1223,HUAJUAPAN DE LEON,2020-02-20,61811,5.16,20.84,3779107124,049KMX,5
1223,HUAJUAPAN DE LEON,2020-02-20,61811,5.16,20.84,3779107124,0565MX,5
1223,HUAJUAPAN DE LEON,2020-02-20,61811,5.16,20.84,3779107124,2131MX,9
1223,HUAJUAPAN DE LEON,2020-02-20,61811,5.16,20.84,3779107124,3115MX,2
6933,COZUMEL,2020-02-20,61812,14.05,13.45,3779107441,049KMX,8
6933,COZUMEL,2020-02-20,61812,14.05,13.45,3779107441,1841MX,3
6933,COZUMEL,2020-02-20,61812,14.05,13.45,3779107441,3175MX,7
6933,COZUMEL,2020-02-20,61812,14.05,13.45,3779107441,1610MX,3
6933,COZUMEL,2020-02-20,61812,14.05,13.45,3779107441,011KMX,3
6933,COZUMEL,2020-02-20,61812,14.05,13.45,3779107441,290NMX,1
6933,COZUMEL,2020-02-20,61812,14.05,13.45,3779107441,440NMX,2
6857,Plaza Patios (TAM),2020-02-20,61813,2.49,17.51,3779107732,049KMX,3
6857,Plaza Patios (TAM),2020-02-20,61813,2.49,17.51,3779107732,440NMX,4
6218,UMAN (YUC),2020-02-20,61814,1.29,5.71,3779108152,049KMX,1
6218,UMAN (YUC),2020-02-20,61814,1.29,5.71,3779108152,0922MX,8
6275,6275 - Puebla Calle 8,2020-02-20,61815,14.185,13.315,3779108373,0370MX,3
6275,6275 - Puebla Calle 8,2020-02-20,61815,14.185,13.315,3779108373,2131MX,10
6275,6275 - Puebla Calle 8,2020-02-20,61815,14.185,13.315,3779108373,2374MX,3
6275,6275 - Puebla Calle 8,2020-02-20,61815,14.185,13.315,3779108373,2648MX,9
6275,6275 - Puebla Calle 8,2020-02-20,61815,14.185,13.315,3779108373,2864MX,9
6275,6275 - Puebla Calle 8,2020-02-20,61815,14.185,13.315,3779108373,3119MX,11
6275,6275 - Puebla Calle 8,2020-02-20,61815,14.185,13.315,3779108373,049KMX,5
6645,6645 - Guadalajaralegalidad (Jal),2020-02-20,61816,30.775,4.225,3779108760,0065MX,3
6645,6645 - Guadalajaralegalidad (Jal),2020-02-20,61816,30.775,4.225,3779108760,0831MX,3
6645,6645 - Guadalajaralegalidad (Jal),2020-02-20,61816,30.775,4.225,3779108760,0922MX,7
6645,6645 - Guadalajaralegalidad (Jal),2020-02-20,61816,30.775,4.225,3779108760,0963MX,6
6645,6645 - Guadalajaralegalidad (Jal),2020-02-20,61816,30.775,4.225,3779108760,1019MX,8
6645,6645 - Guadalajaralegalidad (Jal),2020-02-20,61816,30.775,4.225,3779108760,1065MX,10
6645,6645 - Guadalajaralegalidad (Jal),2020-02-20,61816,30.775,4.225,3779108760,1829MX,1
6645,6645 - Guadalajaralegalidad (Jal),2020-02-20,61816,30.775,4.225,3779108760,1926MX,12
6645,6645 - Guadalajaralegalidad (Jal),2020-02-20,61816,30.775,4.225,3779108760,2131MX,6
6645,6645 - Guadalajaralegalidad (Jal),2020-02-20,61816,30.775,4.225,3779108760,2555MX,3
6645,6645 - Guadalajaralegalidad (Jal),2020-02-20,61816,30.775,4.225,3779108760,2631MX,5
6645,6645 - Guadalajaralegalidad (Jal),2020-02-20,61816,30.775,4.225,3779108760,2641MX,3
6645,6645 - Guadalajaralegalidad (Jal),2020-02-20,61816,30.775,4.225,3779108760,2864MX,7
6645,6645 - Guadalajaralegalidad (Jal),2020-02-20,61816,30.775,4.225,3779108760,3119MX,8
6645,6645 - Guadalajaralegalidad (Jal),2020-02-20,61816,30.775,4.225,3779108760,3123MX,2
6645,6645 - Guadalajaralegalidad (Jal),2020-02-20,61816,30.775,4.225,3779108760,3525MX,5
6645,6645 - Guadalajaralegalidad (Jal),2020-02-20,61816,30.775,4.225,3779108760,1610MX,1
6645,6645 - Guadalajaralegalidad (Jal),2020-02-20,61817,15.81,11.69,3779109025,3525MX,5
6645,6645 - Guadalajaralegalidad (Jal),2020-02-20,61817,15.81,11.69,3779109025,4000MX,10
6645,6645 - Guadalajaralegalidad (Jal),2020-02-20,61817,15.81,11.69,3779109025,1610MX,4
6645,6645 - Guadalajaralegalidad (Jal),2020-02-20,61817,15.81,11.69,3779109025,049KMX,3
6645,6645 - Guadalajaralegalidad (Jal),2020-02-20,61817,15.81,11.69,3779109025,011KMX,6
4204,4204 - Gdl. San Juan Bosco (Jal),2020-02-20,61818,2.532,17.468,3779109493,0831MX,1
4204,4204 - Gdl. San Juan Bosco (Jal),2020-02-20,61818,2.532,17.468,3779109493,0964MX,7
4204,4204 - Gdl. San Juan Bosco (Jal),2020-02-20,61818,2.532,17.468,3779109493,2864MX,5
6207,6207 - Aguascalientesmadero (Ags),2020-02-20,61819,3.05,16.95,3779109806,2555MX,4
6207,6207 - Aguascalientesmadero (Ags),2020-02-20,61819,3.05,16.95,3779109806,049KMX,1
1047,1047 - San Luis Potosi 1,2020-02-20,61820,9.565,16.435,3779110101,049KMX,3
1047,1047 - San Luis Potosi 1,2020-02-20,61820,9.565,16.435,3779110101,0364MX,3
1047,1047 - San Luis Potosi 1,2020-02-20,61820,9.565,16.435,3779110101,0922MX,9
1047,1047 - San Luis Potosi 1,2020-02-20,61820,9.565,16.435,3779110101,2374MX,1
1047,1047 - San Luis Potosi 1,2020-02-20,61820,9.565,16.435,3779110101,3115MX,4
1047,1047 - San Luis Potosi 1,2020-02-20,61820,9.565,16.435,3779110101,3525MX,4
1047,1047 - San Luis Potosi 1,2020-02-20,61820,9.565,16.435,3779110101,4001MX,3
1094,TOLUCA,2020-02-20,61821,1.65,18.35,3779110473,049KMX,2
1094,TOLUCA,2020-02-20,61821,1.65,18.35,3779110473,011KMX,1
1024,VERACRUZ,2020-02-20,61822,6.5,19.5,3779110786,3175MX,10
1231,VERACRUZ 3,2020-02-20,61823,3.9,22.1,3779111125,049KMX,2
1231,VERACRUZ 3,2020-02-20,61823,3.9,22.1,3779111125,4001MX,4
1170,MERIDA 2,2020-02-20,61824,13.205,21.795,3779111523,049KMX,14
1170,MERIDA 2,2020-02-20,61824,13.205,21.795,3779111523,3100MX,6
1170,MERIDA 2,2020-02-20,61824,13.205,21.795,3779111523,011KMX,6
1170,MERIDA 2,2020-02-20,61824,13.205,21.795,3779111523,290NMX,1
1170,MERIDA 2,2020-02-20,61824,13.205,21.795,3779111523,440NMX,3
1170,MERIDA 2,2020-02-20,61825,1.64,24.36,3779111523,290NMX,2
1033,Tapachula,2020-02-20,61826,10.76,9.24,3779111895,3100MX,10
1033,Tapachula,2020-02-20,61826,10.76,9.24,3779111895,049KMX,8
1033,Tapachula,2020-02-20,61826,10.76,9.24,3779111895,0065MX,7
1033,Tapachula,2020-02-20,61826,10.76,9.24,3779111895,1473MX,3
1033,Tapachula,2020-02-20,61826,10.76,9.24,3779111895,1829MX,6
1033,Tapachula,2020-02-20,61826,10.76,9.24,3779111895,2364MX,2
1033,Tapachula,2020-02-20,61826,10.76,9.24,3779111895,440NMX,2
1103,TUXTLA 3,2020-02-20,61827,2.505,23.495,3779112175,011KMX,6
1103,TUXTLA 3,2020-02-20,61827,2.505,23.495,3779112175,440NMX,3
4022,Santa Barbara (Bca),2020-02-20,61828,1.95,18.05,3779112470,4001MX,3
1014,Nuevo Mexicali,2020-02-20,61829,0.405,6.595,3779112761,440NMX,3
5056,Plaza Sendero Mexicali,2020-02-20,61830,0.24,6.76,3779113155,0922MX,3
1111,CHILPANCINGO,2020-02-20,61831,21.55,13.45,3779113531,0366MX,4
1111,CHILPANCINGO,2020-02-20,61831,21.55,13.45,3779113531,044KMX,5
1111,CHILPANCINGO,2020-02-20,61831,21.55,13.45,3779113531,0370MX,4
1111,CHILPANCINGO,2020-02-20,61831,21.55,13.45,3779113531,3100MX,5
1111,CHILPANCINGO,2020-02-20,61831,21.55,13.45,3779113531,3146MX,3
1111,CHILPANCINGO,2020-02-20,61831,21.55,13.45,3779113531,049KMX,4
1111,CHILPANCINGO,2020-02-20,61831,21.55,13.45,3779113531,0077MX,3
1111,CHILPANCINGO,2020-02-20,61831,21.55,13.45,3779113531,2374MX,4
1111,CHILPANCINGO,2020-02-20,61831,21.55,13.45,3779113531,0065MX,8
1111,CHILPANCINGO,2020-02-20,61831,21.55,13.45,3779113531,0831MX,9
1111,CHILPANCINGO,2020-02-20,61831,21.55,13.45,3779113531,0940MX,7
1111,CHILPANCINGO,2020-02-20,61831,21.55,13.45,3779113531,1926MX,20
1111,CHILPANCINGO,2020-02-20,61832,14.73,12.77,3779114054,1926MX,7
1111,CHILPANCINGO,2020-02-20,61832,14.73,12.77,3779114054,2131MX,31
1111,CHILPANCINGO,2020-02-20,61832,14.73,12.77,3779114054,2648MX,8
1111,CHILPANCINGO,2020-02-20,61832,14.73,12.77,3779114054,3115MX,3
1111,CHILPANCINGO,2020-02-20,61832,14.73,12.77,3779114054,3525MX,7
1111,CHILPANCINGO,2020-02-20,61832,14.73,12.77,3779114054,4000MX,2
1111,CHILPANCINGO,2020-02-20,61832,14.73,12.77,3779114054,011KMX,3
1112,TONALA,2020-02-20,61833,8.5,17.5,3779114205,049KMX,3
1112,TONALA,2020-02-20,61833,8.5,17.5,3779114205,1065MX,9
1112,TONALA,2020-02-20,61833,8.5,17.5,3779114205,2648MX,2
1112,TONALA,2020-02-20,61833,8.5,17.5,3779114205,011KMX,3
1197,IRAPUATO 2,2020-02-20,61834,18.46,9.04,3779114485,0032MX,1
1197,IRAPUATO 2,2020-02-20,61834,18.46,9.04,3779114485,0064MX,1
1197,IRAPUATO 2,2020-02-20,61834,18.46,9.04,3779114485,0077MX,1
1197,IRAPUATO 2,2020-02-20,61834,18.46,9.04,3779114485,0085MX,20
1197,IRAPUATO 2,2020-02-20,61834,18.46,9.04,3779114485,1065MX,7
1197,IRAPUATO 2,2020-02-20,61834,18.46,9.04,3779114485,2555MX,3
1197,IRAPUATO 2,2020-02-20,61834,18.46,9.04,3779114485,2631MX,3
1197,IRAPUATO 2,2020-02-20,61834,18.46,9.04,3779114485,3146MX,1
1197,IRAPUATO 2,2020-02-20,61834,18.46,9.04,3779114485,4000MX,12
1197,IRAPUATO 2,2020-02-20,61834,18.46,9.04,3779114485,049KMX,2
1210,SAN CRISTOBAL DE LAS CASAS 2,2020-02-20,61835,3.385,22.615,3779114754,1610MX,4
1210,SAN CRISTOBAL DE LAS CASAS 2,2020-02-20,61835,3.385,22.615,3779114754,290NMX,1
1210,SAN CRISTOBAL DE LAS CASAS 2,2020-02-20,61835,3.385,22.615,3779114754,440NMX,3
1044,CORDOBA,2020-02-20,61836,12.12,7.88,3779115045,049KMX,1
1044,CORDOBA,2020-02-20,61836,12.12,7.88,3779115045,3525MX,5
1044,CORDOBA,2020-02-20,61836,12.12,7.88,3779115045,3119MX,7
1044,CORDOBA,2020-02-20,61836,12.12,7.88,3779115045,4000MX,4
1044,CORDOBA,2020-02-20,61836,12.12,7.88,3779115045,4002MX,5
1049,GUASAVE,2020-02-20,61837,0.405,6.595,3779115292,440NMX,3
1228,LAZARO CARDENAS,2020-02-20,61838,1.95,18.05,3779115572,049KMX,3
1187,TULANCINGO,2020-02-20,61839,34.995,0.005,3779115911,0366MX,7
1187,TULANCINGO,2020-02-20,61839,34.995,0.005,3779115911,1065MX,38
1187,TULANCINGO,2020-02-20,61839,34.995,0.005,3779115911,2631MX,19
1187,TULANCINGO,2020-02-20,61839,34.995,0.005,3779115911,3115MX,1
1187,TULANCINGO,2020-02-20,61839,34.995,0.005,3779115911,1061MX,1
1187,TULANCINGO,2020-02-20,61839,34.995,0.005,3779115911,1829MX,1
1187,TULANCINGO,2020-02-20,61840,23.485,11.515,3779116110,2631MX,3
1187,TULANCINGO,2020-02-20,61840,23.485,11.515,3779116110,3115MX,4
1187,TULANCINGO,2020-02-20,61840,23.485,11.515,3779116110,4008MX,6
1187,TULANCINGO,2020-02-20,61840,23.485,11.515,3779116110,0364MX,6
1187,TULANCINGO,2020-02-20,61840,23.485,11.515,3779116110,0565MX,1
1187,TULANCINGO,2020-02-20,61840,23.485,11.515,3779116110,0831MX,2
1187,TULANCINGO,2020-02-20,61840,23.485,11.515,3779116110,0922MX,41
1187,TULANCINGO,2020-02-20,61840,23.485,11.515,3779116110,1061MX,2
1187,TULANCINGO,2020-02-20,61840,23.485,11.515,3779116110,1829MX,7
1187,TULANCINGO,2020-02-20,61840,23.485,11.515,3779116110,2648MX,25
1187,TULANCINGO,2020-02-20,61840,23.485,11.515,3779116110,2864MX,6
1187,TULANCINGO,2020-02-20,61841,12.36,7.64,3779116585,2864MX,22
1187,TULANCINGO,2020-02-20,61841,12.36,7.64,3779116585,3525MX,10
6396,Plaza Mangos Mazatlán,2020-02-20,61842,1.95,18.05,3779117090,049KMX,3
6860,CHETUMAL CONST-47 (QTR),2020-02-20,61843,9.36,16.64,3779117355,2641MX,10
6860,CHETUMAL CONST-47 (QTR),2020-02-20,61843,9.36,16.64,3779117355,3100MX,7
6860,CHETUMAL CONST-47 (QTR),2020-02-20,61843,9.36,16.64,3779117355,049KMX,5
6860,CHETUMAL CONST-47 (QTR),2020-02-20,61843,9.36,16.64,3779117355,3150MX,1
4207,IRAPUATO (GTO),2020-02-20,61844,30.43,4.57,3779117683,0085MX,3
4207,IRAPUATO (GTO),2020-02-20,61844,30.43,4.57,3779117683,1610MX,23
4207,IRAPUATO (GTO),2020-02-20,61844,30.43,4.57,3779117683,1841MX,9
4207,IRAPUATO (GTO),2020-02-20,61844,30.43,4.57,3779117683,0077MX,4
4207,IRAPUATO (GTO),2020-02-20,61844,30.43,4.57,3779117683,1061MX,4
4207,IRAPUATO (GTO),2020-02-20,61844,30.43,4.57,3779117683,4002MX,24
4207,IRAPUATO (GTO),2020-02-20,61845,24.87,10.13,3779117985,3100MX,19
4207,IRAPUATO (GTO),2020-02-20,61845,24.87,10.13,3779117985,049KMX,20
4207,IRAPUATO (GTO),2020-02-20,61845,24.87,10.13,3779117985,0085MX,104
4207,IRAPUATO (GTO),2020-02-20,61845,24.87,10.13,3779117985,1061MX,1
4207,IRAPUATO (GTO),2020-02-20,61846,7.8,18.2,3779118313,4002MX,12
4216,PACHUCA (GO),2020-02-20,61847,3.42,16.58,3779118674,0565MX,2
4216,PACHUCA (GO),2020-02-20,61847,3.42,16.58,3779118674,3525MX,5
6702,Comalcalco Tabasco,2020-02-20,61848,3.25,16.75,3779118954,049KMX,5
1368,Misantla (Ver),2020-02-20,61849,12.99,14.51,3779119201,1926MX,2
1368,Misantla (Ver),2020-02-20,61849,12.99,14.51,3779119201,3175MX,18
1368,Misantla (Ver),2020-02-20,61849,12.99,14.51,3779119201,049KMX,1
1022,Orizaba (Ver),2020-02-20,61850,0.405,6.595,3779119525,440NMX,3
6700,Kanasin (Yuc),2020-02-20,61851,12.405,7.595,3779119831,0065MX,2
6700,Kanasin (Yuc),2020-02-20,61851,12.405,7.595,3779119831,0077MX,1
6700,Kanasin (Yuc),2020-02-20,61851,12.405,7.595,3779119831,1926MX,1
6700,Kanasin (Yuc),2020-02-20,61851,12.405,7.595,3779119831,2131MX,12
6700,Kanasin (Yuc),2020-02-20,61851,12.405,7.595,3779119831,2555MX,1
6700,Kanasin (Yuc),2020-02-20,61851,12.405,7.595,3779119831,2864MX,4
6700,Kanasin (Yuc),2020-02-20,61851,12.405,7.595,3779119831,3119MX,4
6700,Kanasin (Yuc),2020-02-20,61851,12.405,7.595,3779119831,3525MX,1
6700,Kanasin (Yuc),2020-02-20,61851,12.405,7.595,3779119831,4001MX,3
6700,Kanasin (Yuc),2020-02-20,61851,12.405,7.595,3779119831,4007MX,2
6700,Kanasin (Yuc),2020-02-20,61851,12.405,7.595,3779119831,4008MX,2
6700,Kanasin (Yuc),2020-02-20,61851,12.405,7.595,3779119831,0884MX,2
6700,Kanasin (Yuc),2020-02-20,61851,12.405,7.595,3779119831,440NMX,3
1173,Valladolid (Yuc),2020-02-20,61852,1.35,5.65,3779120354,2792MX,3
